gene,p_val,avg_log2FC,pct.1,pct.2,p_val_adj,cluster,avg_strength,cluster0,celltype
CCL22,0,4.508844361,0.496,0.02,0,cDC3_LAMP3,4.508844361,cDC3_LAMP3,Mye
FSCN1,0,4.390307717,0.804,0.093,0,cDC3_LAMP3,4.390307717,cDC3_LAMP3,Mye
CCL19,0,4.040890425,0.574,0.017,0,cDC3_LAMP3,4.040890425,cDC3_LAMP3,Mye
LAMP3,0,3.688877926,0.789,0.042,0,cDC3_LAMP3,3.688877926,cDC3_LAMP3,Mye
CCR7,0,3.68541506,0.698,0.033,0,cDC3_LAMP3,3.68541506,cDC3_LAMP3,Mye
MARCKSL1,0,3.580571955,0.828,0.248,0,cDC3_LAMP3,3.580571955,cDC3_LAMP3,Mye
CCL17,0,3.299977874,0.382,0.017,0,cDC3_LAMP3,3.299977874,cDC3_LAMP3,Mye
BIRC3,0,3.100029067,0.789,0.205,0,cDC3_LAMP3,3.100029067,cDC3_LAMP3,Mye
CST7,0,2.756557663,0.675,0.128,0,cDC3_LAMP3,2.756557663,cDC3_LAMP3,Mye
EBI3,0,2.588689012,0.606,0.146,0,cDC3_LAMP3,2.588689012,cDC3_LAMP3,Mye
RAMP1,0,2.166201997,0.351,0.021,0,cDC3_LAMP3,2.166201997,cDC3_LAMP3,Mye
IDO1,0,2.086460533,0.655,0.093,0,cDC3_LAMP3,2.086460533,cDC3_LAMP3,Mye
IL7R,0,2.075071534,0.589,0.118,0,cDC3_LAMP3,2.075071534,cDC3_LAMP3,Mye
NCCRP1,0,2.003104309,0.329,0,0,cDC3_LAMP3,2.003104309,cDC3_LAMP3,Mye
IL32,0,1.995764968,0.574,0.118,0,cDC3_LAMP3,1.995764968,cDC3_LAMP3,Mye
LAD1,0,1.914732954,0.529,0.005,0,cDC3_LAMP3,1.914732954,cDC3_LAMP3,Mye
TRAF1,0,1.902953893,0.648,0.117,0,cDC3_LAMP3,1.902953893,cDC3_LAMP3,Mye
DAPP1,0,1.867034523,0.701,0.203,0,cDC3_LAMP3,1.867034523,cDC3_LAMP3,Mye
CRIP1,9.349999999999999e-236,1.832537951,0.633,0.282,1.7199999999999996e-231,cDC3_LAMP3,1.832537951,cDC3_LAMP3,Mye
KIF2A,0,1.827684875,0.59,0.162,0,cDC3_LAMP3,1.827684875,cDC3_LAMP3,Mye
GPR157,0,1.823164516,0.587,0.046,0,cDC3_LAMP3,1.823164516,cDC3_LAMP3,Mye
TBC1D4,0,1.739878957,0.55,0.09,0,cDC3_LAMP3,1.739878957,cDC3_LAMP3,Mye
PPA1,0,1.713870043,0.846,0.449,0,cDC3_LAMP3,1.713870043,cDC3_LAMP3,Mye
CLIC2,0,1.670523855,0.616,0.147,0,cDC3_LAMP3,1.670523855,cDC3_LAMP3,Mye
RAB9A,0,1.63569174,0.633,0.229,0,cDC3_LAMP3,1.63569174,cDC3_LAMP3,Mye
GRSF1,0,1.626224097,0.713,0.328,0,cDC3_LAMP3,1.626224097,cDC3_LAMP3,Mye
RPS27L,6.11e-274,1.542450015,0.693,0.352,1.1300000000000001e-269,cDC3_LAMP3,1.542450015,cDC3_LAMP3,Mye
NUB1,0,1.522422263,0.736,0.3,0,cDC3_LAMP3,1.522422263,cDC3_LAMP3,Mye
DUSP4,0,1.519983403,0.53,0.103,0,cDC3_LAMP3,1.519983403,cDC3_LAMP3,Mye
DUSP5,0,1.501319088,0.539,0.122,0,cDC3_LAMP3,1.501319088,cDC3_LAMP3,Mye
ANXA6,0,1.492245885,0.594,0.213,0,cDC3_LAMP3,1.492245885,cDC3_LAMP3,Mye
CDKN1A,0,1.468515111,0.838,0.515,0,cDC3_LAMP3,1.468515111,cDC3_LAMP3,Mye
KDM2B,0,1.455393727,0.568,0.135,0,cDC3_LAMP3,1.455393727,cDC3_LAMP3,Mye
CD40,0,1.439873366,0.665,0.28,0,cDC3_LAMP3,1.439873366,cDC3_LAMP3,Mye
GADD45A,0,1.428544225,0.408,0.064,0,cDC3_LAMP3,1.428544225,cDC3_LAMP3,Mye
CD80,0,1.405284886,0.444,0.083,0,cDC3_LAMP3,1.405284886,cDC3_LAMP3,Mye
CD83,0,1.384272859,0.809,0.479,0,cDC3_LAMP3,1.384272859,cDC3_LAMP3,Mye
TUBA1C,3.0599999999999994e-211,1.37885266,0.667,0.37,5.63e-207,cDC3_LAMP3,1.37885266,cDC3_LAMP3,Mye
RELB,0,1.376612187,0.657,0.232,0,cDC3_LAMP3,1.376612187,cDC3_LAMP3,Mye
RHOF,0,1.369767129,0.613,0.144,0,cDC3_LAMP3,1.369767129,cDC3_LAMP3,Mye
MGLL,0,1.35386423,0.572,0.145,0,cDC3_LAMP3,1.35386423,cDC3_LAMP3,Mye
CD200,0,1.352661054,0.45,0.004,0,cDC3_LAMP3,1.352661054,cDC3_LAMP3,Mye
NFKB1,9.420000000000001e-282,1.343108212,0.651,0.277,1.74e-277,cDC3_LAMP3,1.343108212,cDC3_LAMP3,Mye
LY75,0,1.288488276,0.497,0.083,0,cDC3_LAMP3,1.288488276,cDC3_LAMP3,Mye
CALCRL,0,1.257703618,0.333,0.048,0,cDC3_LAMP3,1.257703618,cDC3_LAMP3,Mye
POGLUT1,0,1.255357668,0.52,0.09,0,cDC3_LAMP3,1.255357668,cDC3_LAMP3,Mye
BASP1,1.0399999999999999e-258,1.251152865,0.685,0.336,1.92e-254,cDC3_LAMP3,1.251152865,cDC3_LAMP3,Mye
ACHE,0,1.249640446,0.354,0.007,0,cDC3_LAMP3,1.249640446,cDC3_LAMP3,Mye
GPR137B,1.0999999999999999e-225,1.224350967,0.62,0.288,2.02e-221,cDC3_LAMP3,1.224350967,cDC3_LAMP3,Mye
TVP23A,0,1.214327009,0.439,0.065,0,cDC3_LAMP3,1.214327009,cDC3_LAMP3,Mye
ADORA2A,0,1.2114255,0.336,0.021,0,cDC3_LAMP3,1.2114255,cDC3_LAMP3,Mye
STK4,3.3099999999999994e-250,1.188241593,0.72,0.42,6.089999999999999e-246,cDC3_LAMP3,1.188241593,cDC3_LAMP3,Mye
RAB8B,0,1.171885541,0.622,0.239,0,cDC3_LAMP3,1.171885541,cDC3_LAMP3,Mye
MALT1,6.539999999999999e-284,1.154520222,0.514,0.169,1.1999999999999998e-279,cDC3_LAMP3,1.154520222,cDC3_LAMP3,Mye
RFTN1,0,1.150768166,0.615,0.187,0,cDC3_LAMP3,1.150768166,cDC3_LAMP3,Mye
SINHCAF,0,1.127500768,0.36,0.079,0,cDC3_LAMP3,1.127500768,cDC3_LAMP3,Mye
CSF2RA,5.789999999999999e-211,1.124404238,0.702,0.408,1.07e-206,cDC3_LAMP3,1.124404238,cDC3_LAMP3,Mye
TRIP10,0,1.122451715,0.499,0.081,0,cDC3_LAMP3,1.122451715,cDC3_LAMP3,Mye
BCL2L14,0,1.120210694,0.316,0.015,0,cDC3_LAMP3,1.120210694,cDC3_LAMP3,Mye
NDE1,0,1.105167991,0.508,0.148,0,cDC3_LAMP3,1.105167991,cDC3_LAMP3,Mye
PTPN1,5.0299999999999996e-228,1.080944665,0.702,0.392,9.259999999999997e-224,cDC3_LAMP3,1.080944665,cDC3_LAMP3,Mye
NRP2,1.53e-275,1.067826702,0.548,0.199,2.81e-271,cDC3_LAMP3,1.067826702,cDC3_LAMP3,Mye
NET1,0,1.054328416,0.461,0.086,0,cDC3_LAMP3,1.054328416,cDC3_LAMP3,Mye
IL4I1,1.7199999999999997e-243,1.047112763,0.584,0.224,3.1799999999999996e-239,cDC3_LAMP3,1.047112763,cDC3_LAMP3,Mye
FNBP1,3.439999999999999e-235,1.040685415,0.723,0.424,6.339999999999999e-231,cDC3_LAMP3,1.040685415,cDC3_LAMP3,Mye
CRLF2,0,1.034064711,0.344,0.021,0,cDC3_LAMP3,1.034064711,cDC3_LAMP3,Mye
GCSAM,0,1.021972828,0.303,0.016,0,cDC3_LAMP3,1.021972828,cDC3_LAMP3,Mye
SLCO5A1,0,1.021084035,0.398,0.005,0,cDC3_LAMP3,1.021084035,cDC3_LAMP3,Mye
MREG,0,0.98884813,0.418,0.039,0,cDC3_LAMP3,0.98884813,cDC3_LAMP3,Mye
ARHGAP10,0,0.973645977,0.464,0.121,0,cDC3_LAMP3,0.973645977,cDC3_LAMP3,Mye
TBC1D8,7.67e-274,0.944596369,0.513,0.17,1.4100000000000001e-269,cDC3_LAMP3,0.944596369,cDC3_LAMP3,Mye
TNIP2,3.3e-193,0.941074039,0.471,0.176,6.0699999999999996e-189,cDC3_LAMP3,0.941074039,cDC3_LAMP3,Mye
USP12,0,0.940929318,0.455,0.09,0,cDC3_LAMP3,0.940929318,cDC3_LAMP3,Mye
TUBB6,4.139999999999999e-291,0.938844227,0.508,0.163,7.619999999999999e-287,cDC3_LAMP3,0.938844227,cDC3_LAMP3,Mye
CFLAR,1.91e-255,0.936928085,0.794,0.503,3.52e-251,cDC3_LAMP3,0.936928085,cDC3_LAMP3,Mye
SIAH2,0,0.934885969,0.495,0.13,0,cDC3_LAMP3,0.934885969,cDC3_LAMP3,Mye
IL15,0,0.92719268,0.463,0.118,0,cDC3_LAMP3,0.92719268,cDC3_LAMP3,Mye
SOCS2,0,0.92591705,0.364,0.026,0,cDC3_LAMP3,0.92591705,cDC3_LAMP3,Mye
NFKB2,6.25e-251,0.900736726,0.572,0.216,1.15e-246,cDC3_LAMP3,0.900736726,cDC3_LAMP3,Mye
LIMCH1,0,0.899346311,0.3,0.008,0,cDC3_LAMP3,0.899346311,cDC3_LAMP3,Mye
CD274,0,0.898011951,0.442,0.065,0,cDC3_LAMP3,0.898011951,cDC3_LAMP3,Mye
VOPP1,9.769999999999999e-244,0.891313309,0.671,0.337,1.7999999999999998e-239,cDC3_LAMP3,0.891313309,cDC3_LAMP3,Mye
MAP3K14,0,0.873922879,0.407,0.057,0,cDC3_LAMP3,0.873922879,cDC3_LAMP3,Mye
NABP1,2.08e-156,0.849982082,0.614,0.331,3.8399999999999995e-152,cDC3_LAMP3,0.849982082,cDC3_LAMP3,Mye
CEP350,6.58e-181,0.844080461,0.581,0.281,1.2099999999999998e-176,cDC3_LAMP3,0.844080461,cDC3_LAMP3,Mye
CERS6,0,0.838872581,0.493,0.132,0,cDC3_LAMP3,0.838872581,cDC3_LAMP3,Mye
PTMS,1.7599999999999999e-146,0.824425861,0.633,0.354,3.24e-142,cDC3_LAMP3,0.824425861,cDC3_LAMP3,Mye
ANKRD33B,0,0.798875451,0.349,0.009,0,cDC3_LAMP3,0.798875451,cDC3_LAMP3,Mye
PIM3,4.179999999999999e-121,0.795036061,0.536,0.278,7.700000000000001e-117,cDC3_LAMP3,0.795036061,cDC3_LAMP3,Mye
FAM118A,1.2599999999999998e-178,0.791386257,0.442,0.16,2.33e-174,cDC3_LAMP3,0.791386257,cDC3_LAMP3,Mye
RAB5B,2.8299999999999995e-224,0.791080149,0.503,0.186,5.2e-220,cDC3_LAMP3,0.791080149,cDC3_LAMP3,Mye
MAP3K13,1.8799999999999996e-229,0.785969509,0.524,0.203,3.4699999999999997e-225,cDC3_LAMP3,0.785969509,cDC3_LAMP3,Mye
RAB29,2.2799999999999999e-293,0.783280577,0.409,0.107,4.2000000000000005e-289,cDC3_LAMP3,0.783280577,cDC3_LAMP3,Mye
TTYH2,0,0.783190527,0.388,0.088,0,cDC3_LAMP3,0.783190527,cDC3_LAMP3,Mye
ETV3,0,0.780057736,0.508,0.135,0,cDC3_LAMP3,0.780057736,cDC3_LAMP3,Mye
TRAFD1,0,0.77156369,0.538,0.168,0,cDC3_LAMP3,0.77156369,cDC3_LAMP3,Mye
FLT3,0,0.768584829,0.404,0.061,0,cDC3_LAMP3,0.768584829,cDC3_LAMP3,Mye
P2RY10,0,0.767530375,0.329,0.024,0,cDC3_LAMP3,0.767530375,cDC3_LAMP3,Mye
SNX11,5.009999999999999e-224,0.75725536,0.379,0.111,9.22e-220,cDC3_LAMP3,0.75725536,cDC3_LAMP3,Mye
CHST7,0,0.75672753,0.314,0.039,0,cDC3_LAMP3,0.75672753,cDC3_LAMP3,Mye
C1orf54,0,3.901823596,0.893,0.271,0,cDC_CLEC9A,3.901823596,cDC_CLEC9A,Mye
IDO1,0,3.884862128,0.796,0.097,0,cDC_CLEC9A,3.884862128,cDC_CLEC9A,Mye
CLEC9A,0,3.709144783,0.813,0.029,0,cDC_CLEC9A,3.709144783,cDC_CLEC9A,Mye
DNASE1L3,0,3.474886537,0.74,0.054,0,cDC_CLEC9A,3.474886537,cDC_CLEC9A,Mye
XCR1,0,3.437153073,0.573,0.001,0,cDC_CLEC9A,3.437153073,cDC_CLEC9A,Mye
S100B,0,3.396137747,0.526,0.093,0,cDC_CLEC9A,3.396137747,cDC_CLEC9A,Mye
CPVL,0,3.322989473,0.917,0.557,0,cDC_CLEC9A,3.322989473,cDC_CLEC9A,Mye
WDFY4,0,3.287893992,0.817,0.15,0,cDC_CLEC9A,3.287893992,cDC_CLEC9A,Mye
CPNE3,0,2.979715496,0.879,0.231,0,cDC_CLEC9A,2.979715496,cDC_CLEC9A,Mye
CADM1,0,2.937863723,0.621,0.107,0,cDC_CLEC9A,2.937863723,cDC_CLEC9A,Mye
ASB2,0,2.934448905,0.486,0.021,0,cDC_CLEC9A,2.934448905,cDC_CLEC9A,Mye
CCND1,0,2.906963297,0.738,0.154,0,cDC_CLEC9A,2.906963297,cDC_CLEC9A,Mye
HLA-DOB,0,2.87068232,0.612,0.061,0,cDC_CLEC9A,2.87068232,cDC_CLEC9A,Mye
LGALS2,0,2.808547435,0.878,0.245,0,cDC_CLEC9A,2.808547435,cDC_CLEC9A,Mye
CLNK,0,2.709164685,0.688,0.015,0,cDC_CLEC9A,2.709164685,cDC_CLEC9A,Mye
SNX3,0,2.69664065,0.95,0.685,0,cDC_CLEC9A,2.69664065,cDC_CLEC9A,Mye
NAAA,1.66e-295,2.65785019,0.811,0.359,3.0699999999999998e-291,cDC_CLEC9A,2.65785019,cDC_CLEC9A,Mye
RGCC,0,2.515316956,0.83,0.215,0,cDC_CLEC9A,2.515316956,cDC_CLEC9A,Mye
NET1,0,2.469635056,0.687,0.086,0,cDC_CLEC9A,2.469635056,cDC_CLEC9A,Mye
FLT3,0,2.400394928,0.647,0.06,0,cDC_CLEC9A,2.400394928,cDC_CLEC9A,Mye
IRF8,0,2.374035855,0.922,0.368,0,cDC_CLEC9A,2.374035855,cDC_CLEC9A,Mye
VAC14,0,2.355669521,0.68,0.148,0,cDC_CLEC9A,2.355669521,cDC_CLEC9A,Mye
NDRG2,2.58e-203,2.341099698,0.514,0.138,4.75e-199,cDC_CLEC9A,2.341099698,cDC_CLEC9A,Mye
CST7,1.8499999999999998e-165,2.311452152,0.466,0.138,3.41e-161,cDC_CLEC9A,2.311452152,cDC_CLEC9A,Mye
DBN1,0,2.240742057,0.432,0.01,0,cDC_CLEC9A,2.240742057,cDC_CLEC9A,Mye
BTLA,0,2.203883055,0.459,0.013,0,cDC_CLEC9A,2.203883055,cDC_CLEC9A,Mye
TACSTD2,0,2.169058074,0.442,0.018,0,cDC_CLEC9A,2.169058074,cDC_CLEC9A,Mye
TMEM14A,0,2.148296274,0.622,0.058,0,cDC_CLEC9A,2.148296274,cDC_CLEC9A,Mye
CSRP1,2.18e-203,2.145637466,0.654,0.25,4.02e-199,cDC_CLEC9A,2.145637466,cDC_CLEC9A,Mye
BATF3,0,2.135642729,0.588,0.064,0,cDC_CLEC9A,2.135642729,cDC_CLEC9A,Mye
TAP1,1e-226,2.129773255,0.814,0.415,1.8399999999999997e-222,cDC_CLEC9A,2.129773255,cDC_CLEC9A,Mye
CYB5R3,2.6999999999999997e-215,2.102028961,0.779,0.403,4.98e-211,cDC_CLEC9A,2.102028961,cDC_CLEC9A,Mye
CNN2,1.72e-289,2.079564707,0.834,0.394,3.18e-285,cDC_CLEC9A,2.079564707,cDC_CLEC9A,Mye
AP1G2,1.93e-135,2.076661592,0.437,0.137,3.56e-131,cDC_CLEC9A,2.076661592,cDC_CLEC9A,Mye
ID2,9.73e-147,2.075013156,0.854,0.551,1.7899999999999998e-142,cDC_CLEC9A,2.075013156,cDC_CLEC9A,Mye
LSP1,0,2.070525781,0.963,0.665,0,cDC_CLEC9A,2.070525781,cDC_CLEC9A,Mye
SLAMF7,7.82e-305,2.020039636,0.699,0.2,1.4399999999999997e-303,cDC_CLEC9A,2.020039636,cDC_CLEC9A,Mye
CCSER1,0,2.01265419,0.482,0.026,0,cDC_CLEC9A,2.01265419,cDC_CLEC9A,Mye
ANPEP,2.09e-186,2.007061294,0.622,0.201,3.849999999999999e-182,cDC_CLEC9A,2.007061294,cDC_CLEC9A,Mye
UCP2,5.369999999999999e-178,1.993039476,0.894,0.629,9.889999999999998e-174,cDC_CLEC9A,1.993039476,cDC_CLEC9A,Mye
SLAMF8,6.490000000000001e-73,1.925158734,0.612,0.32,1.2e-68,cDC_CLEC9A,1.925158734,cDC_CLEC9A,Mye
PLCD1,0,1.923331904,0.436,0.037,0,cDC_CLEC9A,1.923331904,cDC_CLEC9A,Mye
CAMK2D,0,1.868833469,0.666,0.159,0,cDC_CLEC9A,1.868833469,cDC_CLEC9A,Mye
NAPSA,0,1.866755239,0.694,0.17,0,cDC_CLEC9A,1.866755239,cDC_CLEC9A,Mye
SUSD3,4.7299999999999994e-210,1.86285505,0.407,0.094,8.709999999999999e-206,cDC_CLEC9A,1.86285505,cDC_CLEC9A,Mye
BCL6,2.1399999999999998e-135,1.838938401,0.42,0.127,3.94e-131,cDC_CLEC9A,1.838938401,cDC_CLEC9A,Mye
NLRC5,4.13e-154,1.800543401,0.409,0.115,7.6e-150,cDC_CLEC9A,1.800543401,cDC_CLEC9A,Mye
ICAM3,0,1.798797053,0.708,0.187,0,cDC_CLEC9A,1.798797053,cDC_CLEC9A,Mye
PPA1,4.0799999999999994e-193,1.791585045,0.824,0.454,7.51e-189,cDC_CLEC9A,1.791585045,cDC_CLEC9A,Mye
CYP2S1,5.439999999999999e-169,1.787770016,0.432,0.119,1e-164,cDC_CLEC9A,1.787770016,cDC_CLEC9A,Mye
PNMA1,0,1.774538922,0.39,0.054,0,cDC_CLEC9A,1.774538922,cDC_CLEC9A,Mye
SRP19,2.9599999999999994e-96,1.755114195,0.439,0.177,5.45e-92,cDC_CLEC9A,1.755114195,cDC_CLEC9A,Mye
C1QBP,7.89e-149,1.740408447,0.76,0.423,1.4499999999999998e-144,cDC_CLEC9A,1.740408447,cDC_CLEC9A,Mye
CCDC126,0,1.740025686,0.493,0.05,0,cDC_CLEC9A,1.740025686,cDC_CLEC9A,Mye
APOL3,2.21e-113,1.738207343,0.48,0.176,4.0799999999999997e-109,cDC_CLEC9A,1.738207343,cDC_CLEC9A,Mye
MPEG1,1.23e-126,1.732727687,0.728,0.367,2.27e-122,cDC_CLEC9A,1.732727687,cDC_CLEC9A,Mye
C1orf21,0,1.727198517,0.53,0.051,0,cDC_CLEC9A,1.727198517,cDC_CLEC9A,Mye
CDK2AP2,1.1399999999999999e-212,1.715612184,0.794,0.39,2.09e-208,cDC_CLEC9A,1.715612184,cDC_CLEC9A,Mye
DCTPP1,6.969999999999999e-148,1.695242908,0.53,0.19,1.28e-143,cDC_CLEC9A,1.695242908,cDC_CLEC9A,Mye
PRDX2,1.1799999999999999e-116,1.687542749,0.507,0.191,2.1699999999999996e-112,cDC_CLEC9A,1.687542749,cDC_CLEC9A,Mye
PON2,5.84e-135,1.668341263,0.418,0.125,1.0799999999999999e-130,cDC_CLEC9A,1.668341263,cDC_CLEC9A,Mye
LSM6,9.239999999999999e-143,1.663085938,0.7,0.344,1.6999999999999998e-138,cDC_CLEC9A,1.663085938,cDC_CLEC9A,Mye
ASAP1,1.9199999999999998e-304,1.66123609,0.696,0.213,3.53e-300,cDC_CLEC9A,1.66123609,cDC_CLEC9A,Mye
GSTM2,3.84e-226,1.659768474,0.304,0.052,7.069999999999998e-222,cDC_CLEC9A,1.659768474,cDC_CLEC9A,Mye
HDAC9,1.34e-282,1.650422557,0.541,0.126,2.4699999999999998e-278,cDC_CLEC9A,1.650422557,cDC_CLEC9A,Mye
LIMD2,6.33e-241,1.649232822,0.878,0.474,1.1699999999999998e-236,cDC_CLEC9A,1.649232822,cDC_CLEC9A,Mye
RHOF,2.17e-305,1.640589939,0.612,0.149,4e-302,cDC_CLEC9A,1.640589939,cDC_CLEC9A,Mye
PIK3CB,2.1499999999999995e-202,1.636346223,0.45,0.114,3.96e-198,cDC_CLEC9A,1.636346223,cDC_CLEC9A,Mye
CD226,0,1.628751028,0.402,0.046,0,cDC_CLEC9A,1.628751028,cDC_CLEC9A,Mye
GCSAM,0,1.621284474,0.453,0.017,0,cDC_CLEC9A,1.621284474,cDC_CLEC9A,Mye
SERPINB9,1.91e-108,1.620672806,0.706,0.369,3.5199999999999994e-104,cDC_CLEC9A,1.620672806,cDC_CLEC9A,Mye
DCXR,5.68e-73,1.60756413,0.651,0.362,1.0499999999999998e-68,cDC_CLEC9A,1.60756413,cDC_CLEC9A,Mye
ZNF366,0,1.602023943,0.501,0.031,0,cDC_CLEC9A,1.602023943,cDC_CLEC9A,Mye
NDUFS4,1.5e-77,1.575020938,0.573,0.281,2.77e-73,cDC_CLEC9A,1.575020938,cDC_CLEC9A,Mye
PPM1J,0,1.56403303,0.434,0.021,0,cDC_CLEC9A,1.56403303,cDC_CLEC9A,Mye
SNRPA,7.120000000000001e-63,1.558485576,0.557,0.291,1.31e-58,cDC_CLEC9A,1.558485576,cDC_CLEC9A,Mye
PDLIM7,4.98e-77,1.542217583,0.453,0.192,9.180000000000001e-73,cDC_CLEC9A,1.542217583,cDC_CLEC9A,Mye
TRPV2,3.25e-73,1.541592165,0.467,0.204,5.98e-69,cDC_CLEC9A,1.541592165,cDC_CLEC9A,Mye
ANXA6,2.49e-220,1.527266343,0.648,0.217,4.5899999999999993e-216,cDC_CLEC9A,1.527266343,cDC_CLEC9A,Mye
LMNA,7.199999999999999e-121,1.522538603,0.726,0.362,1.33e-116,cDC_CLEC9A,1.522538603,cDC_CLEC9A,Mye
BID,4.759999999999999e-101,1.512857553,0.721,0.408,8.76e-97,cDC_CLEC9A,1.512857553,cDC_CLEC9A,Mye
DUSP4,3.8199999999999995e-212,1.491035424,0.44,0.11,7.029999999999999e-208,cDC_CLEC9A,1.491035424,cDC_CLEC9A,Mye
FLOT2,1.64e-127,1.489974614,0.578,0.236,3.02e-123,cDC_CLEC9A,1.489974614,cDC_CLEC9A,Mye
MAP3K13,4.5199999999999996e-136,1.48556815,0.55,0.206,8.329999999999999e-132,cDC_CLEC9A,1.48556815,cDC_CLEC9A,Mye
CKLF,1.79e-81,1.483572833,0.754,0.501,3.3000000000000003e-77,cDC_CLEC9A,1.483572833,cDC_CLEC9A,Mye
TMEM50B,5.269999999999999e-171,1.482688292,0.569,0.194,9.709999999999999e-167,cDC_CLEC9A,1.482688292,cDC_CLEC9A,Mye
CD48,6.56e-59,1.46453147,0.736,0.474,1.2099999999999998e-54,cDC_CLEC9A,1.46453147,cDC_CLEC9A,Mye
ENSA,1.5699999999999998e-197,1.463274508,0.814,0.466,2.88e-193,cDC_CLEC9A,1.463274508,cDC_CLEC9A,Mye
SNX22,0,1.458216617,0.449,0.018,0,cDC_CLEC9A,1.458216617,cDC_CLEC9A,Mye
KCNK6,2.4499999999999997e-293,1.447041126,0.621,0.166,4.52e-289,cDC_CLEC9A,1.447041126,cDC_CLEC9A,Mye
BIRC3,3.78e-82,1.44334373,0.511,0.217,6.95e-78,cDC_CLEC9A,1.44334373,cDC_CLEC9A,Mye
AIM2,5.23e-296,1.441004457,0.427,0.079,9.63e-292,cDC_CLEC9A,1.441004457,cDC_CLEC9A,Mye
CIITA,5.71e-83,1.424733493,0.626,0.319,1.05e-78,cDC_CLEC9A,1.424733493,cDC_CLEC9A,Mye
CKS2,1.7299999999999998e-106,1.422976493,0.558,0.237,3.18e-102,cDC_CLEC9A,1.422976493,cDC_CLEC9A,Mye
PSTPIP1,3.8299999999999996e-177,1.412588294,0.534,0.166,7.05e-173,cDC_CLEC9A,1.412588294,cDC_CLEC9A,Mye
AGPAT1,1.0099999999999998e-182,1.41199925,0.517,0.155,1.86e-178,cDC_CLEC9A,1.41199925,cDC_CLEC9A,Mye
MCM5,6.07e-141,1.402869136,0.568,0.217,1.12e-136,cDC_CLEC9A,1.402869136,cDC_CLEC9A,Mye
ELOVL5,3.3399999999999997e-162,1.384282597,0.678,0.28,6.159999999999999e-158,cDC_CLEC9A,1.384282597,cDC_CLEC9A,Mye
SERPINF2,0,1.383875088,0.608,0.114,0,cDC_CLEC9A,1.383875088,cDC_CLEC9A,Mye
P2RY6,5.62e-204,1.380226167,0.588,0.187,1.0299999999999999e-199,cDC_CLEC9A,1.380226167,cDC_CLEC9A,Mye
CD1C,0,3.561873655,0.58,0.036,0,cDC(CD1C),3.561873655,cDC(CD1C),Mye
FCER1A,0,3.471870924,0.671,0.078,0,cDC(CD1C),3.471870924,cDC(CD1C),Mye
CD1E,0,2.877612529,0.53,0.029,0,cDC(CD1C),2.877612529,cDC(CD1C),Mye
CLEC10A,0,2.787168269,0.714,0.168,0,cDC(CD1C),2.787168269,cDC(CD1C),Mye
IL1R2,0,1.999035248,0.323,0.073,0,cDC(CD1C),1.999035248,cDC(CD1C),Mye
NDRG2,0,1.795362611,0.545,0.1,0,cDC(CD1C),1.795362611,cDC(CD1C),Mye
HLA-DQB2,0,1.70637772,0.602,0.285,0,cDC(CD1C),1.70637772,cDC(CD1C),Mye
CST7,0,1.580623763,0.456,0.109,0,cDC(CD1C),1.580623763,cDC(CD1C),Mye
PPA1,0,1.55612884,0.804,0.422,0,cDC(CD1C),1.55612884,cDC(CD1C),Mye
PKIB,0,1.48948512,0.628,0.202,0,cDC(CD1C),1.48948512,cDC(CD1C),Mye
FCGR2B,0,1.276938678,0.74,0.389,0,cDC(CD1C),1.276938678,cDC(CD1C),Mye
HLA-DQA2,0,1.197209261,0.764,0.484,0,cDC(CD1C),1.197209261,cDC(CD1C),Mye
LGALS2,0,1.176596435,0.485,0.231,0,cDC(CD1C),1.176596435,cDC(CD1C),Mye
CYP2S1,0,1.170210398,0.354,0.1,0,cDC(CD1C),1.170210398,cDC(CD1C),Mye
GSN,0,1.127673646,0.898,0.604,0,cDC(CD1C),1.127673646,cDC(CD1C),Mye
CNN2,0,1.0400165,0.696,0.369,0,cDC(CD1C),1.0400165,cDC(CD1C),Mye
CKLF,0,0.977585088,0.73,0.48,0,cDC(CD1C),0.977585088,cDC(CD1C),Mye
PRCP,5.7599999999999994e-297,0.964393996,0.624,0.363,1.06e-292,cDC(CD1C),0.964393996,cDC(CD1C),Mye
HLA-DOA,1.0599999999999999e-242,0.927061265,0.625,0.367,1.9499999999999996e-238,cDC(CD1C),0.927061265,cDC(CD1C),Mye
EIF3L,0,0.896965261,0.854,0.571,0,cDC(CD1C),0.896965261,cDC(CD1C),Mye
CSF2RA,1.96e-305,0.845230373,0.661,0.39,3.6099999999999993e-303,cDC(CD1C),0.845230373,cDC(CD1C),Mye
PAK1,0,0.811462689,0.684,0.409,0,cDC(CD1C),0.811462689,cDC(CD1C),Mye
IL13RA1,0,0.811367145,0.636,0.36,0,cDC(CD1C),0.811367145,cDC(CD1C),Mye
LSP1,0,0.806660873,0.912,0.644,0,cDC(CD1C),0.806660873,cDC(CD1C),Mye
SPINT2,0,0.766071594,0.751,0.469,0,cDC(CD1C),0.766071594,cDC(CD1C),Mye
CLNS1A,1.24e-268,0.762518541,0.648,0.396,2.28e-264,cDC(CD1C),0.762518541,cDC(CD1C),Mye
GLIPR1,0,0.736551192,0.816,0.557,0,cDC(CD1C),0.736551192,cDC(CD1C),Mye
STK17B,0,0.727833932,0.699,0.416,0,cDC(CD1C),0.727833932,cDC(CD1C),Mye
PEA15,0,0.683246793,0.752,0.491,0,cDC(CD1C),0.683246793,cDC(CD1C),Mye
IL18,1.15e-264,0.678513275,0.677,0.415,2.12e-260,cDC(CD1C),0.678513275,cDC(CD1C),Mye
TMEM14C,0,0.665194599,0.755,0.504,0,cDC(CD1C),0.665194599,cDC(CD1C),Mye
RNASE6,0,0.47640239,0.784,0.512,0,cDC(CD1C),0.47640239,cDC(CD1C),Mye
ICAM3,0,0.446746209,0.43,0.17,0,cDC(CD1C),0.446746209,cDC(CD1C),Mye
NAPSA,0,0.423353889,0.425,0.153,0,cDC(CD1C),0.423353889,cDC(CD1C),Mye
APOE,0,2.024185079,0.934,0.437,0,Macro_FOLR2-APOE+,2.024185079,Macro_FOLR2-APOE+,Mye
APOC1,0,1.836488075,0.917,0.44,0,Macro_FOLR2-APOE+,1.836488075,Macro_FOLR2-APOE+,Mye
TREM2,0,1.363859461,0.869,0.331,0,Macro_FOLR2-APOE+,1.363859461,Macro_FOLR2-APOE+,Mye
NUPR1,0,1.232917767,0.613,0.151,0,Macro_FOLR2-APOE+,1.232917767,Macro_FOLR2-APOE+,Mye
MTRNR2L8,0,1.232088396,0.699,0.398,0,Macro_FOLR2-APOE+,1.232088396,Macro_FOLR2-APOE+,Mye
RNASE1,0,1.206205809,0.668,0.208,0,Macro_FOLR2-APOE+,1.206205809,Macro_FOLR2-APOE+,Mye
GPNMB,0,0.956335521,0.802,0.258,0,Macro_FOLR2-APOE+,0.956335521,Macro_FOLR2-APOE+,Mye
PDK4,0,0.849671485,0.633,0.258,0,Macro_FOLR2-APOE+,0.849671485,Macro_FOLR2-APOE+,Mye
KCNMA1,0,0.84878049,0.593,0.206,0,Macro_FOLR2-APOE+,0.84878049,Macro_FOLR2-APOE+,Mye
LPL,0,0.83823958,0.308,0.032,0,Macro_FOLR2-APOE+,0.83823958,Macro_FOLR2-APOE+,Mye
CFD,0,0.823814117,0.817,0.521,0,Macro_FOLR2-APOE+,0.823814117,Macro_FOLR2-APOE+,Mye
RHOB,0,0.815223003,0.79,0.501,0,Macro_FOLR2-APOE+,0.815223003,Macro_FOLR2-APOE+,Mye
A2M,0,0.809640548,0.809,0.321,0,Macro_FOLR2-APOE+,0.809640548,Macro_FOLR2-APOE+,Mye
C1QC,0,0.795708474,0.959,0.478,0,Macro_FOLR2-APOE+,0.795708474,Macro_FOLR2-APOE+,Mye
DAB2,0,0.722958262,0.829,0.369,0,Macro_FOLR2-APOE+,0.722958262,Macro_FOLR2-APOE+,Mye
GPX1,0,0.643684749,0.8,0.508,0,Macro_FOLR2-APOE+,0.643684749,Macro_FOLR2-APOE+,Mye
MAFB,0,0.643064039,0.893,0.545,0,Macro_FOLR2-APOE+,0.643064039,Macro_FOLR2-APOE+,Mye
CD81,0,0.614659323,0.777,0.41,0,Macro_FOLR2-APOE+,0.614659323,Macro_FOLR2-APOE+,Mye
ADORA3,0,0.606755213,0.544,0.217,0,Macro_FOLR2-APOE+,0.606755213,Macro_FOLR2-APOE+,Mye
GPR34,0,0.605843458,0.608,0.257,0,Macro_FOLR2-APOE+,0.605843458,Macro_FOLR2-APOE+,Mye
C3,0,0.593908115,0.767,0.321,0,Macro_FOLR2-APOE+,0.593908115,Macro_FOLR2-APOE+,Mye
SCD,0,0.590088557,0.387,0.11,0,Macro_FOLR2-APOE+,0.590088557,Macro_FOLR2-APOE+,Mye
LIPA,0,0.566766619,0.844,0.445,0,Macro_FOLR2-APOE+,0.566766619,Macro_FOLR2-APOE+,Mye
CPM,0,0.512727901,0.661,0.322,0,Macro_FOLR2-APOE+,0.512727901,Macro_FOLR2-APOE+,Mye
PLTP,0,0.491809995,0.732,0.263,0,Macro_FOLR2-APOE+,0.491809995,Macro_FOLR2-APOE+,Mye
AKR1B1,0,0.483477096,0.768,0.419,0,Macro_FOLR2-APOE+,0.483477096,Macro_FOLR2-APOE+,Mye
C1QA,0,0.452044569,0.958,0.502,0,Macro_FOLR2-APOE+,0.452044569,Macro_FOLR2-APOE+,Mye
SLC1A3,0,0.438568324,0.66,0.314,0,Macro_FOLR2-APOE+,0.438568324,Macro_FOLR2-APOE+,Mye
ABHD12,0,0.424827079,0.638,0.337,0,Macro_FOLR2-APOE+,0.424827079,Macro_FOLR2-APOE+,Mye
HMOX1,0,0.406092844,0.797,0.504,0,Macro_FOLR2-APOE+,0.406092844,Macro_FOLR2-APOE+,Mye
CD9,0,0.392655925,0.834,0.428,0,Macro_FOLR2-APOE+,0.392655925,Macro_FOLR2-APOE+,Mye
MSR1,0,0.388645313,0.723,0.325,0,Macro_FOLR2-APOE+,0.388645313,Macro_FOLR2-APOE+,Mye
VAT1,0,0.38391703,0.474,0.197,0,Macro_FOLR2-APOE+,0.38391703,Macro_FOLR2-APOE+,Mye
DNASE2,0,0.373262717,0.634,0.323,0,Macro_FOLR2-APOE+,0.373262717,Macro_FOLR2-APOE+,Mye
GYPC,0,0.369822272,0.522,0.265,0,Macro_FOLR2-APOE+,0.369822272,Macro_FOLR2-APOE+,Mye
TIMP2,0,0.367098797,0.582,0.325,0,Macro_FOLR2-APOE+,0.367098797,Macro_FOLR2-APOE+,Mye
SLCO2B1,0,0.357386826,0.716,0.313,0,Macro_FOLR2-APOE+,0.357386826,Macro_FOLR2-APOE+,Mye
C1QB,0,0.322576219,0.951,0.48,0,Macro_FOLR2-APOE+,0.322576219,Macro_FOLR2-APOE+,Mye
LHFPL2,0,0.315948701,0.5,0.248,0,Macro_FOLR2-APOE+,0.315948701,Macro_FOLR2-APOE+,Mye
MERTK,0,0.30869994,0.428,0.153,0,Macro_FOLR2-APOE+,0.30869994,Macro_FOLR2-APOE+,Mye
TSPAN4,0,0.298140301,0.557,0.25,0,Macro_FOLR2-APOE+,0.298140301,Macro_FOLR2-APOE+,Mye
AP1B1,0,0.295201179,0.645,0.353,0,Macro_FOLR2-APOE+,0.295201179,Macro_FOLR2-APOE+,Mye
LRP1,0,0.284675113,0.679,0.38,0,Macro_FOLR2-APOE+,0.284675113,Macro_FOLR2-APOE+,Mye
FUCA1,0,0.261930373,0.513,0.207,0,Macro_FOLR2-APOE+,0.261930373,Macro_FOLR2-APOE+,Mye
PLXDC2,0,0.254991136,0.811,0.5,0,Macro_FOLR2-APOE+,0.254991136,Macro_FOLR2-APOE+,Mye
ADAP2,0,0.238000369,0.676,0.407,0,Macro_FOLR2-APOE+,0.238000369,Macro_FOLR2-APOE+,Mye
CD84,0,0.222835639,0.649,0.35,0,Macro_FOLR2-APOE+,0.222835639,Macro_FOLR2-APOE+,Mye
PLD3,0,0.211079475,0.802,0.463,0,Macro_FOLR2-APOE+,0.211079475,Macro_FOLR2-APOE+,Mye
YWHAH,0,0.20460246,0.757,0.495,0,Macro_FOLR2-APOE+,0.20460246,Macro_FOLR2-APOE+,Mye
PMP22,0,0.182161822,0.546,0.233,0,Macro_FOLR2-APOE+,0.182161822,Macro_FOLR2-APOE+,Mye
MARCKS,2.93e-225,0.167730843,0.747,0.497,5.4e-221,Macro_FOLR2-APOE+,0.167730843,Macro_FOLR2-APOE+,Mye
ACP5,0,0.15459581,0.637,0.361,0,Macro_FOLR2-APOE+,0.15459581,Macro_FOLR2-APOE+,Mye
SELENOP,3.9499999999999993e-218,3.317492146,0.46,0.088,7.27e-214,Macro_FOLR2+APOE-,3.317492146,Macro_FOLR2+APOE-,Mye
SLC40A1,6.259999999999999e-106,2.180391466,0.548,0.227,1.1499999999999998e-101,Macro_FOLR2+APOE-,2.180391466,Macro_FOLR2+APOE-,Mye
FOLR2,3.29e-98,1.500153516,0.476,0.177,6.07e-94,Macro_FOLR2+APOE-,1.500153516,Macro_FOLR2+APOE-,Mye
F13A1,1.24e-68,1.406187662,0.484,0.229,2.28e-64,Macro_FOLR2+APOE-,1.406187662,Macro_FOLR2+APOE-,Mye
PLTP,5.8e-71,1.376890952,0.586,0.326,1.0699999999999999e-66,Macro_FOLR2+APOE-,1.376890952,Macro_FOLR2+APOE-,Mye
RNASE1,8.08e-102,1.264429869,0.631,0.268,1.49e-97,Macro_FOLR2+APOE-,1.264429869,Macro_FOLR2+APOE-,Mye
C1QC,2.5999999999999996e-118,1.062039138,0.951,0.541,4.7899999999999996e-114,Macro_FOLR2+APOE-,1.062039138,Macro_FOLR2+APOE-,Mye
C1QA,1.28e-116,1.007198763,0.953,0.562,2.36e-112,Macro_FOLR2+APOE-,1.007198763,Macro_FOLR2+APOE-,Mye
C1QB,1.5899999999999998e-99,0.768041441,0.953,0.541,2.9199999999999996e-95,Macro_FOLR2+APOE-,0.768041441,Macro_FOLR2+APOE-,Mye
CTSZ,1.34e-8,0.169749013,0.397,0.655,2.47e-4,Macro_FOLR2+APOE-,0.169749013,Macro_FOLR2+APOE-,Mye
GPNMB,0,2.797657357,0.929,0.318,0,Macro_FOLR2+APOE+,2.797657357,Macro_FOLR2+APOE+,Mye
CCL18,0,2.775104039,0.346,0.045,0,Macro_FOLR2+APOE+,2.775104039,Macro_FOLR2+APOE+,Mye
SDS,2.32e-97,2.693731095,0.487,0.211,4.28e-93,Macro_FOLR2+APOE+,2.693731095,Macro_FOLR2+APOE+,Mye
PLAU,3.9399999999999997e-271,2.587667729,0.587,0.183,7.27e-267,Macro_FOLR2+APOE+,2.587667729,Macro_FOLR2+APOE+,Mye
CXCL9,0,2.456188923,0.714,0.142,0,Macro_FOLR2+APOE+,2.456188923,Macro_FOLR2+APOE+,Mye
NR1H3,0,2.439949298,0.743,0.133,0,Macro_FOLR2+APOE+,2.439949298,Macro_FOLR2+APOE+,Mye
LGMN,0,2.43445078,0.93,0.394,0,Macro_FOLR2+APOE+,2.43445078,Macro_FOLR2+APOE+,Mye
CCL4,8.53e-82,2.429218976,0.571,0.302,1.5700000000000001e-77,Macro_FOLR2+APOE+,2.429218976,Macro_FOLR2+APOE+,Mye
ACP5,0,2.394013419,0.876,0.386,0,Macro_FOLR2+APOE+,2.394013419,Macro_FOLR2+APOE+,Mye
C1QB,0,2.33502664,0.986,0.533,0,Macro_FOLR2+APOE+,2.33502664,Macro_FOLR2+APOE+,Mye
RGS1,1.23e-37,2.307822792,0.911,0.635,2.27e-33,Macro_FOLR2+APOE+,2.307822792,Macro_FOLR2+APOE+,Mye
C1QA,0,2.216352953,0.987,0.554,0,Macro_FOLR2+APOE+,2.216352953,Macro_FOLR2+APOE+,Mye
A2M,2.3299999999999998e-184,2.204085611,0.836,0.376,4.289999999999999e-180,Macro_FOLR2+APOE+,2.204085611,Macro_FOLR2+APOE+,Mye
CYP27A1,0,2.188572931,0.446,0.085,0,Macro_FOLR2+APOE+,2.188572931,Macro_FOLR2+APOE+,Mye
GLA,9.519999999999998e-160,2.096246248,0.691,0.3,1.75e-155,Macro_FOLR2+APOE+,2.096246248,Macro_FOLR2+APOE+,Mye
LIPA,3.359999999999999e-227,2.070162933,0.932,0.489,6.189999999999999e-223,Macro_FOLR2+APOE+,2.070162933,Macro_FOLR2+APOE+,Mye
TMEM176B,0,2.047320143,0.98,0.522,0,Macro_FOLR2+APOE+,2.047320143,Macro_FOLR2+APOE+,Mye
APOC1,0,2.034405306,0.962,0.494,0,Macro_FOLR2+APOE+,2.034405306,Macro_FOLR2+APOE+,Mye
FOLR2,7.13e-188,1.994909789,0.505,0.171,1.3099999999999997e-183,Macro_FOLR2+APOE+,1.994909789,Macro_FOLR2+APOE+,Mye
SGK1,1.71e-12,1.988543805,0.856,0.597,3.15e-8,Macro_FOLR2+APOE+,1.988543805,Macro_FOLR2+APOE+,Mye
TREM2,1.3499999999999998e-112,1.937134543,0.781,0.396,2.49e-108,Macro_FOLR2+APOE+,1.937134543,Macro_FOLR2+APOE+,Mye
PLD3,0,1.914459132,0.975,0.497,0,Macro_FOLR2+APOE+,1.914459132,Macro_FOLR2+APOE+,Mye
SOD2,1.63e-65,1.906803932,0.916,0.644,2.9999999999999998e-61,Macro_FOLR2+APOE+,1.906803932,Macro_FOLR2+APOE+,Mye
DHRS3,5.669999999999999e-156,1.861754382,0.44,0.144,1.0399999999999999e-151,Macro_FOLR2+APOE+,1.861754382,Macro_FOLR2+APOE+,Mye
PLA2G7,0,1.837581123,0.661,0.182,0,Macro_FOLR2+APOE+,1.837581123,Macro_FOLR2+APOE+,Mye
C1QC,0,1.835649259,0.988,0.533,0,Macro_FOLR2+APOE+,1.835649259,Macro_FOLR2+APOE+,Mye
MSR1,5.880000000000001e-100,1.822293702,0.758,0.37,1.08e-95,Macro_FOLR2+APOE+,1.822293702,Macro_FOLR2+APOE+,Mye
CTSL,0,1.820585164,0.969,0.506,0,Macro_FOLR2+APOE+,1.820585164,Macro_FOLR2+APOE+,Mye
HLA-DMB,2.5699999999999996e-232,1.819152807,0.975,0.629,4.74e-228,Macro_FOLR2+APOE+,1.819152807,Macro_FOLR2+APOE+,Mye
IFI30,2.63e-80,1.816058301,0.853,0.56,4.84e-76,Macro_FOLR2+APOE+,1.816058301,Macro_FOLR2+APOE+,Mye
ADAMDEC1,0,1.792214722,0.641,0.075,0,Macro_FOLR2+APOE+,1.792214722,Macro_FOLR2+APOE+,Mye
MGLL,2.1e-230,1.756533855,0.495,0.148,3.87e-226,Macro_FOLR2+APOE+,1.756533855,Macro_FOLR2+APOE+,Mye
PLTP,5.0200000000000005e-273,1.755993124,0.817,0.314,9.24e-269,Macro_FOLR2+APOE+,1.755993124,Macro_FOLR2+APOE+,Mye
LGALS3,1.3799999999999997e-153,1.748485086,0.967,0.717,2.55e-149,Macro_FOLR2+APOE+,1.748485086,Macro_FOLR2+APOE+,Mye
CTSC,0,1.732711606,0.991,0.669,0,Macro_FOLR2+APOE+,1.732711606,Macro_FOLR2+APOE+,Mye
APOE,0,1.730367979,0.97,0.493,0,Macro_FOLR2+APOE+,1.730367979,Macro_FOLR2+APOE+,Mye
ACP2,0,1.72871592,0.833,0.241,0,Macro_FOLR2+APOE+,1.72871592,Macro_FOLR2+APOE+,Mye
CTSA,1.25e-295,1.724236424,0.939,0.493,2.31e-291,Macro_FOLR2+APOE+,1.724236424,Macro_FOLR2+APOE+,Mye
C2,0,1.71212837,0.738,0.146,0,Macro_FOLR2+APOE+,1.71212837,Macro_FOLR2+APOE+,Mye
LGALS3BP,0,1.702618755,0.817,0.305,0,Macro_FOLR2+APOE+,1.702618755,Macro_FOLR2+APOE+,Mye
DNASE2,0,1.68989939,0.864,0.353,0,Macro_FOLR2+APOE+,1.68989939,Macro_FOLR2+APOE+,Mye
CD72,7.66e-269,1.685673787,0.615,0.195,1.41e-264,Macro_FOLR2+APOE+,1.685673787,Macro_FOLR2+APOE+,Mye
FABP5,1.7699999999999996e-55,1.637653536,0.728,0.438,3.26e-51,Macro_FOLR2+APOE+,1.637653536,Macro_FOLR2+APOE+,Mye
MMP9,0,1.634955647,0.468,0.097,0,Macro_FOLR2+APOE+,1.634955647,Macro_FOLR2+APOE+,Mye
SLCO2B1,9.899999999999998e-271,1.623963661,0.876,0.355,1.8200000000000002e-266,Macro_FOLR2+APOE+,1.623963661,Macro_FOLR2+APOE+,Mye
RAB20,9.219999999999999e-178,1.621799791,0.781,0.334,1.7e-173,Macro_FOLR2+APOE+,1.621799791,Macro_FOLR2+APOE+,Mye
ASAH1,1.25e-187,1.609547802,0.98,0.68,2.2999999999999993e-183,Macro_FOLR2+APOE+,1.609547802,Macro_FOLR2+APOE+,Mye
SERPING1,0,1.599804527,0.938,0.381,0,Macro_FOLR2+APOE+,1.599804527,Macro_FOLR2+APOE+,Mye
MGAT1,8.1499999999999995e-53,1.598816255,0.906,0.616,1.5e-48,Macro_FOLR2+APOE+,1.598816255,Macro_FOLR2+APOE+,Mye
TMEM176A,0,1.596667539,0.964,0.434,0,Macro_FOLR2+APOE+,1.596667539,Macro_FOLR2+APOE+,Mye
TGFBI,1.71e-42,1.587908473,0.893,0.59,3.15e-38,Macro_FOLR2+APOE+,1.587908473,Macro_FOLR2+APOE+,Mye
CREG1,0,1.585311487,0.956,0.5,0,Macro_FOLR2+APOE+,1.585311487,Macro_FOLR2+APOE+,Mye
SCPEP1,0,1.580003481,0.889,0.394,0,Macro_FOLR2+APOE+,1.580003481,Macro_FOLR2+APOE+,Mye
IL18BP,4.14e-302,1.57536892,0.606,0.185,7.62e-298,Macro_FOLR2+APOE+,1.57536892,Macro_FOLR2+APOE+,Mye
NPL,0,1.54066617,0.78,0.243,0,Macro_FOLR2+APOE+,1.54066617,Macro_FOLR2+APOE+,Mye
CTSH,1.7599999999999996e-145,1.537331619,0.97,0.702,3.24e-141,Macro_FOLR2+APOE+,1.537331619,Macro_FOLR2+APOE+,Mye
MPP1,1.84e-173,1.527834343,0.839,0.4,3.39e-169,Macro_FOLR2+APOE+,1.527834343,Macro_FOLR2+APOE+,Mye
SLC38A6,3.9500000000000005e-259,1.526276116,0.496,0.136,7.269999999999999e-255,Macro_FOLR2+APOE+,1.526276116,Macro_FOLR2+APOE+,Mye
IGSF6,7.05e-167,1.521887882,0.915,0.547,1.2999999999999997e-162,Macro_FOLR2+APOE+,1.521887882,Macro_FOLR2+APOE+,Mye
C3AR1,1.47e-127,1.518341671,0.821,0.404,2.71e-123,Macro_FOLR2+APOE+,1.518341671,Macro_FOLR2+APOE+,Mye
LAIR1,4.2699999999999996e-153,1.51046723,0.911,0.508,7.87e-149,Macro_FOLR2+APOE+,1.51046723,Macro_FOLR2+APOE+,Mye
IL4I1,2.07e-302,1.506904042,0.68,0.222,3.81e-298,Macro_FOLR2+APOE+,1.506904042,Macro_FOLR2+APOE+,Mye
C1orf54,1.42e-292,1.503093013,0.752,0.269,2.6099999999999997e-288,Macro_FOLR2+APOE+,1.503093013,Macro_FOLR2+APOE+,Mye
HEXA,4.2599999999999994e-132,1.50145498,0.872,0.458,7.84e-128,Macro_FOLR2+APOE+,1.50145498,Macro_FOLR2+APOE+,Mye
FPR3,5.699999999999999e-169,1.493017926,0.743,0.327,1.05e-164,Macro_FOLR2+APOE+,1.493017926,Macro_FOLR2+APOE+,Mye
TSC22D1,3.59e-154,1.489581515,0.444,0.154,6.619999999999999e-150,Macro_FOLR2+APOE+,1.489581515,Macro_FOLR2+APOE+,Mye
GNPDA1,1.0399999999999997e-176,1.487160032,0.647,0.248,1.9099999999999997e-172,Macro_FOLR2+APOE+,1.487160032,Macro_FOLR2+APOE+,Mye
TSPAN4,0,1.484359763,0.814,0.278,0,Macro_FOLR2+APOE+,1.484359763,Macro_FOLR2+APOE+,Mye
AXL,5.44e-98,1.483787538,0.603,0.271,1e-93,Macro_FOLR2+APOE+,1.483787538,Macro_FOLR2+APOE+,Mye
MFSD1,1.3799999999999999e-110,1.456057044,0.932,0.581,2.5399999999999994e-106,Macro_FOLR2+APOE+,1.456057044,Macro_FOLR2+APOE+,Mye
FCGR3A,4.11e-77,1.451476669,0.926,0.565,7.560000000000001e-73,Macro_FOLR2+APOE+,1.451476669,Macro_FOLR2+APOE+,Mye
LAMP2,3.84e-214,1.436519931,0.838,0.389,7.06e-210,Macro_FOLR2+APOE+,1.436519931,Macro_FOLR2+APOE+,Mye
DNPH1,7.07e-282,1.428429259,0.828,0.333,1.3e-277,Macro_FOLR2+APOE+,1.428429259,Macro_FOLR2+APOE+,Mye
CCL5,9.889999999999999e-208,1.419329739,0.4,0.11,1.82e-203,Macro_FOLR2+APOE+,1.419329739,Macro_FOLR2+APOE+,Mye
CPM,1.4499999999999998e-185,1.407609617,0.785,0.357,2.68e-181,Macro_FOLR2+APOE+,1.407609617,Macro_FOLR2+APOE+,Mye
GM2A,0,1.40155266,0.885,0.36,0,Macro_FOLR2+APOE+,1.40155266,Macro_FOLR2+APOE+,Mye
PILRA,9.56e-69,1.386600149,0.812,0.484,1.7600000000000002e-64,Macro_FOLR2+APOE+,1.386600149,Macro_FOLR2+APOE+,Mye
IFI27,1.4799999999999998e-246,1.384092455,0.514,0.162,2.72e-242,Macro_FOLR2+APOE+,1.384092455,Macro_FOLR2+APOE+,Mye
FUCA1,0,1.383568459,0.736,0.236,0,Macro_FOLR2+APOE+,1.383568459,Macro_FOLR2+APOE+,Mye
SMPDL3A,8.820000000000001e-269,1.380870782,0.499,0.135,1.6199999999999999e-264,Macro_FOLR2+APOE+,1.380870782,Macro_FOLR2+APOE+,Mye
AKR1B1,4.05e-174,1.37748081,0.871,0.456,7.459999999999999e-170,Macro_FOLR2+APOE+,1.37748081,Macro_FOLR2+APOE+,Mye
GAA,2.5499999999999995e-195,1.374523626,0.829,0.374,4.69e-191,Macro_FOLR2+APOE+,1.374523626,Macro_FOLR2+APOE+,Mye
TFRC,9.52e-162,1.373227665,0.571,0.228,1.7499999999999998e-157,Macro_FOLR2+APOE+,1.373227665,Macro_FOLR2+APOE+,Mye
PLEKHO2,5.98e-186,1.373214762,0.562,0.198,1.1e-181,Macro_FOLR2+APOE+,1.373214762,Macro_FOLR2+APOE+,Mye
PIK3IP1,5.309999999999999e-151,1.368373121,0.504,0.183,9.78e-147,Macro_FOLR2+APOE+,1.368373121,Macro_FOLR2+APOE+,Mye
GALM,2.2e-265,1.361740209,0.603,0.185,4.04e-261,Macro_FOLR2+APOE+,1.361740209,Macro_FOLR2+APOE+,Mye
CD81,7.07e-282,1.35462299,0.929,0.448,1.3e-277,Macro_FOLR2+APOE+,1.35462299,Macro_FOLR2+APOE+,Mye
ATOX1,0,1.353565737,0.947,0.565,0,Macro_FOLR2+APOE+,1.353565737,Macro_FOLR2+APOE+,Mye
HLA-DOA,1.7899999999999998e-128,1.348549592,0.795,0.381,3.2899999999999996e-124,Macro_FOLR2+APOE+,1.348549592,Macro_FOLR2+APOE+,Mye
HEXB,3.1299999999999995e-152,1.34330664,0.882,0.503,5.759999999999999e-148,Macro_FOLR2+APOE+,1.34330664,Macro_FOLR2+APOE+,Mye
SLC43A3,3.84e-91,1.334739347,0.522,0.234,7.069999999999999e-87,Macro_FOLR2+APOE+,1.334739347,Macro_FOLR2+APOE+,Mye
SLC15A3,1.85e-191,1.334557413,0.686,0.271,3.41e-187,Macro_FOLR2+APOE+,1.334557413,Macro_FOLR2+APOE+,Mye
AKR1A1,3.2299999999999993e-253,1.329488066,0.953,0.566,5.949999999999999e-249,Macro_FOLR2+APOE+,1.329488066,Macro_FOLR2+APOE+,Mye
SDCBP,3.5599999999999995e-61,1.327086608,0.969,0.716,6.549999999999999e-57,Macro_FOLR2+APOE+,1.327086608,Macro_FOLR2+APOE+,Mye
NRP2,4.11e-291,1.322605931,0.646,0.197,7.569999999999999e-287,Macro_FOLR2+APOE+,1.322605931,Macro_FOLR2+APOE+,Mye
SLAMF8,3.44e-292,1.321340981,0.808,0.311,6.33e-288,Macro_FOLR2+APOE+,1.321340981,Macro_FOLR2+APOE+,Mye
PLIN2,4.25e-41,1.320509528,0.799,0.489,7.819999999999999e-37,Macro_FOLR2+APOE+,1.320509528,Macro_FOLR2+APOE+,Mye
NAGK,1.15e-102,1.305410287,0.842,0.467,2.12e-98,Macro_FOLR2+APOE+,1.305410287,Macro_FOLR2+APOE+,Mye
SEMA4A,2.5099999999999997e-143,1.290042274,0.542,0.214,4.63e-139,Macro_FOLR2+APOE+,1.290042274,Macro_FOLR2+APOE+,Mye
SDHB,4.08e-141,1.288022506,0.781,0.388,7.52e-137,Macro_FOLR2+APOE+,1.288022506,Macro_FOLR2+APOE+,Mye
CCL4L2,0,1.561907873,0.558,0.177,0,Macro_IER3,1.561907873,Macro_IER3,Mye
RHOB,1.56e-263,1.2587154,0.827,0.528,2.8700000000000003e-259,Macro_IER3,1.2587154,Macro_IER3,Mye
CCL4,0,1.144260101,0.696,0.292,0,Macro_IER3,1.144260101,Macro_IER3,Mye
CCL3L1,0,1.079877379,0.495,0.147,0,Macro_IER3,1.079877379,Macro_IER3,Mye
TNF,8.669999999999999e-222,1.0152694310000001,0.419,0.161,1.5999999999999998e-217,Macro_IER3,1.0152694310000001,Macro_IER3,Mye
GADD45B,0,0.983104782,0.906,0.63,0,Macro_IER3,0.983104782,Macro_IER3,Mye
IER3,0,0.979968302,0.881,0.516,0,Macro_IER3,0.979968302,Macro_IER3,Mye
SGK1,0,0.979694786,0.902,0.591,0,Macro_IER3,0.979694786,Macro_IER3,Mye
C5AR1,3.58e-244,0.890785679,0.722,0.393,6.599999999999999e-240,Macro_IER3,0.890785679,Macro_IER3,Mye
NR4A2,0,0.868140254,0.851,0.432,0,Macro_IER3,0.868140254,Macro_IER3,Mye
EGR1,3.529999999999999e-227,0.842925033,0.574,0.273,6.489999999999999e-223,Macro_IER3,0.842925033,Macro_IER3,Mye
CCL3,0,0.81394819,0.782,0.357,0,Macro_IER3,0.81394819,Macro_IER3,Mye
KLF2,1.65e-161,0.788913234,0.524,0.265,3.03e-157,Macro_IER3,0.788913234,Macro_IER3,Mye
ATF3,0,0.728276094,0.813,0.415,0,Macro_IER3,0.728276094,Macro_IER3,Mye
KLF4,1.48e-245,0.671379422,0.75,0.433,2.7299999999999998e-241,Macro_IER3,0.671379422,Macro_IER3,Mye
C3,7.909999999999999e-174,0.65481724,0.666,0.371,1.4599999999999998e-169,Macro_IER3,0.65481724,Macro_IER3,Mye
IER2,5.06e-263,0.646786097,0.896,0.62,9.310000000000001e-259,Macro_IER3,0.646786097,Macro_IER3,Mye
DUSP2,4.0499999999999995e-191,0.623690158,0.572,0.288,7.46e-187,Macro_IER3,0.623690158,Macro_IER3,Mye
NR4A1,0,0.58211973400000006,0.776,0.403,0,Macro_IER3,0.58211973400000006,Macro_IER3,Mye
TNFAIP3,5.779999999999999e-193,0.541571693,0.81,0.53,1.07e-188,Macro_IER3,0.541571693,Macro_IER3,Mye
FOSB,1.16e-218,0.528450152,0.868,0.566,2.1399999999999998e-214,Macro_IER3,0.528450152,Macro_IER3,Mye
MAFB,1.8699999999999998e-120,0.517574336,0.852,0.581,3.44e-116,Macro_IER3,0.517574336,Macro_IER3,Mye
PHACTR1,1.1e-155,0.457115441,0.549,0.29,2.0199999999999997e-151,Macro_IER3,0.457115441,Macro_IER3,Mye
CXCL2,2.7299999999999996e-194,0.430648935,0.485,0.215,5.03e-190,Macro_IER3,0.430648935,Macro_IER3,Mye
HBEGF,3.5099999999999998e-140,0.404528586,0.514,0.264,6.47e-136,Macro_IER3,0.404528586,Macro_IER3,Mye
CSF1R,1.29e-173,0.403502665,0.849,0.558,2.3799999999999996e-169,Macro_IER3,0.403502665,Macro_IER3,Mye
NLRP3,3.8599999999999996e-161,0.352389149,0.515,0.251,7.11e-157,Macro_IER3,0.352389149,Macro_IER3,Mye
CLEC7A,2.3199999999999998e-130,0.350753795,0.773,0.513,4.2799999999999994e-126,Macro_IER3,0.350753795,Macro_IER3,Mye
IL1B,4.439999999999999e-229,0.346256466,0.651,0.32,8.17e-225,Macro_IER3,0.346256466,Macro_IER3,Mye
PLXDC2,1.1799999999999999e-129,0.328095287,0.791,0.532,2.18e-125,Macro_IER3,0.328095287,Macro_IER3,Mye
NFKBIZ,1.4799999999999998e-145,0.301188412,0.704,0.443,2.7199999999999996e-141,Macro_IER3,0.301188412,Macro_IER3,Mye
C1QC,7.539999999999998e-110,0.271760138,0.853,0.532,1.39e-105,Macro_IER3,0.271760138,Macro_IER3,Mye
C1QA,3.24e-105,0.203525,0.871,0.552,5.969999999999999e-101,Macro_IER3,0.203525,Macro_IER3,Mye
CD83,0,0.195958032,0.827,0.473,0,Macro_IER3,0.195958032,Macro_IER3,Mye
APOC1,6.809999999999999e-286,1.237781702,0.797,0.493,1.2500000000000001e-281,Macro_IFI27,1.237781702,Macro_IFI27,Mye
APOE,4.2799999999999996e-287,1.061974117,0.841,0.491,7.89e-283,Macro_IFI27,1.061974117,Macro_IFI27,Mye
C1QC,2.43e-305,0.904803058,0.896,0.529,4.4699999999999997e-302,Macro_IFI27,0.904803058,Macro_IFI27,Mye
C1QA,1.6200000000000002e-266,0.692314327,0.893,0.551,2.99e-262,Macro_IFI27,0.692314327,Macro_IFI27,Mye
C1QB,1.2e-260,0.627787057,0.881,0.53,2.1999999999999998e-256,Macro_IFI27,0.627787057,Macro_IFI27,Mye
CCL2,0,4.771264849,0.409,0.1,0,Macro_ISG15,4.771264849,Macro_ISG15,Mye
CTSL,0,3.803940957,0.781,0.503,0,Macro_ISG15,3.803940957,Macro_ISG15,Mye
ISG15,0,3.648481612,0.963,0.395,0,Macro_ISG15,3.648481612,Macro_ISG15,Mye
IFIT1,0,3.532391949,0.686,0.076,0,Macro_ISG15,3.532391949,Macro_ISG15,Mye
CXCL10,0,3.520928363,0.42,0.136,0,Macro_ISG15,3.520928363,Macro_ISG15,Mye
APOBEC3A,0,3.497790692,0.51,0.114,0,Macro_ISG15,3.497790692,Macro_ISG15,Mye
IFI6,0,3.485091135,0.938,0.461,0,Macro_ISG15,3.485091135,Macro_ISG15,Mye
IFIT3,0,3.375503504,0.799,0.175,0,Macro_ISG15,3.375503504,Macro_ISG15,Mye
RSAD2,0,3.285976745,0.616,0.082,0,Macro_ISG15,3.285976745,Macro_ISG15,Mye
OASL,0,2.664988709,0.598,0.081,0,Macro_ISG15,2.664988709,Macro_ISG15,Mye
LY6E,0,2.637272557,0.942,0.523,0,Macro_ISG15,2.637272557,Macro_ISG15,Mye
IFIT2,0,2.578725257,0.66,0.164,0,Macro_ISG15,2.578725257,Macro_ISG15,Mye
IL1RN,0,2.534457153,0.509,0.201,0,Macro_ISG15,2.534457153,Macro_ISG15,Mye
IFITM1,0,2.519754719,0.804,0.22,0,Macro_ISG15,2.519754719,Macro_ISG15,Mye
MX1,0,2.4967499,0.896,0.298,0,Macro_ISG15,2.4967499,Macro_ISG15,Mye
MX2,0,2.154675199,0.737,0.241,0,Macro_ISG15,2.154675199,Macro_ISG15,Mye
OAS3,0,2.139160627,0.595,0.119,0,Macro_ISG15,2.139160627,Macro_ISG15,Mye
SLC11A1,0,2.133069441,0.795,0.447,0,Macro_ISG15,2.133069441,Macro_ISG15,Mye
TNFSF10,0,2.112385469,0.693,0.34,0,Macro_ISG15,2.112385469,Macro_ISG15,Mye
IFI30,2.39e-264,2.062922415,0.822,0.553,4.41e-260,Macro_ISG15,2.062922415,Macro_ISG15,Mye
IFI44,0,2.062195099,0.594,0.189,0,Macro_ISG15,2.062195099,Macro_ISG15,Mye
OAS1,0,2.05421969,0.732,0.302,0,Macro_ISG15,2.05421969,Macro_ISG15,Mye
CCR1,9.84e-255,2.002478851,0.474,0.212,1.81e-250,Macro_ISG15,2.002478851,Macro_ISG15,Mye
IFI44L,0,2.00149553,0.767,0.222,0,Macro_ISG15,2.00149553,Macro_ISG15,Mye
SDS,0,1.967183962,0.503,0.202,0,Macro_ISG15,1.967183962,Macro_ISG15,Mye
IFITM2,0,1.953695646,0.906,0.63,0,Macro_ISG15,1.953695646,Macro_ISG15,Mye
FCGR3A,5.429999999999999e-184,1.938448021,0.823,0.56,9.999999999999998e-180,Macro_ISG15,1.938448021,Macro_ISG15,Mye
GBP1,3.58e-298,1.924145297,0.648,0.327,6.59e-294,Macro_ISG15,1.924145297,Macro_ISG15,Mye
HERC5,0,1.922068803,0.576,0.095,0,Macro_ISG15,1.922068803,Macro_ISG15,Mye
PLSCR1,0,1.878831212,0.795,0.526,0,Macro_ISG15,1.878831212,Macro_ISG15,Mye
SIGLEC1,0,1.862598907,0.628,0.158,0,Macro_ISG15,1.862598907,Macro_ISG15,Mye
XAF1,0,1.853071359,0.749,0.302,0,Macro_ISG15,1.853071359,Macro_ISG15,Mye
LGALS3BP,1.8499999999999997e-300,1.814292838,0.586,0.303,3.41e-296,Macro_ISG15,1.814292838,Macro_ISG15,Mye
EPSTI1,0,1.789890198,0.793,0.386,0,Macro_ISG15,1.789890198,Macro_ISG15,Mye
IL4I1,2.8e-285,1.781969568,0.499,0.218,5.15e-281,Macro_ISG15,1.781969568,Macro_ISG15,Mye
IFI27,0,1.771477764,0.417,0.157,0,Macro_ISG15,1.771477764,Macro_ISG15,Mye
DDX60L,0,1.766212504,0.46,0.152,0,Macro_ISG15,1.766212504,Macro_ISG15,Mye
OAS2,0,1.740408596,0.61,0.182,0,Macro_ISG15,1.740408596,Macro_ISG15,Mye
HPSE,0,1.735788922,0.358,0.107,0,Macro_ISG15,1.735788922,Macro_ISG15,Mye
IFI35,0,1.702250571,0.708,0.324,0,Macro_ISG15,1.702250571,Macro_ISG15,Mye
C15orf48,3.2199999999999994e-171,1.632960583,0.583,0.33,5.929999999999999e-167,Macro_ISG15,1.632960583,Macro_ISG15,Mye
SHISA5,2e-278,1.61314073,0.637,0.354,3.68e-274,Macro_ISG15,1.61314073,Macro_ISG15,Mye
USP18,0,1.609164117,0.37,0.051,0,Macro_ISG15,1.609164117,Macro_ISG15,Mye
DDX58,0,1.608808212,0.369,0.082,0,Macro_ISG15,1.608808212,Macro_ISG15,Mye
FPR3,5.749999999999999e-271,1.59439948,0.605,0.322,1.0600000000000001e-266,Macro_ISG15,1.59439948,Macro_ISG15,Mye
DYNLT1,2.35e-286,1.540502466,0.747,0.494,4.3300000000000005e-282,Macro_ISG15,1.540502466,Macro_ISG15,Mye
RNF213,0,1.519692259,0.802,0.486,0,Macro_ISG15,1.519692259,Macro_ISG15,Mye
SERPING1,0,1.502264565,0.709,0.378,0,Macro_ISG15,1.502264565,Macro_ISG15,Mye
PARP9,0,1.495294149,0.534,0.237,0,Macro_ISG15,1.495294149,Macro_ISG15,Mye
MT2A,0,1.471794584,0.88,0.613,0,Macro_ISG15,1.471794584,Macro_ISG15,Mye
PARP14,0,1.410323855,0.709,0.356,0,Macro_ISG15,1.410323855,Macro_ISG15,Mye
ISG20,0,1.348401059,0.688,0.288,0,Macro_ISG15,1.348401059,Macro_ISG15,Mye
CMPK2,0,1.346778644,0.417,0.087,0,Macro_ISG15,1.346778644,Macro_ISG15,Mye
HELZ2,0,1.341467747,0.33,0.064,0,Macro_ISG15,1.341467747,Macro_ISG15,Mye
VAMP5,3.6899999999999994e-200,1.336344835,0.721,0.465,6.799999999999999e-196,Macro_ISG15,1.336344835,Macro_ISG15,Mye
TNFSF13B,0,1.286074302,0.827,0.564,0,Macro_ISG15,1.286074302,Macro_ISG15,Mye
UBE2L6,0,1.28565679,0.81,0.556,0,Macro_ISG15,1.28565679,Macro_ISG15,Mye
IFIH1,0,1.285470073,0.441,0.145,0,Macro_ISG15,1.285470073,Macro_ISG15,Mye
NT5C3A,0,1.270254818,0.425,0.152,0,Macro_ISG15,1.270254818,Macro_ISG15,Mye
EIF2AK2,0,1.234992887,0.592,0.241,0,Macro_ISG15,1.234992887,Macro_ISG15,Mye
SCO2,2.5e-289,1.208051103,0.476,0.202,4.6e-285,Macro_ISG15,1.208051103,Macro_ISG15,Mye
STAT2,1.03e-298,1.193321967,0.576,0.277,1.9e-294,Macro_ISG15,1.193321967,Macro_ISG15,Mye
SAMD9L,0,1.07205036,0.593,0.26,0,Macro_ISG15,1.07205036,Macro_ISG15,Mye
SAMD9,0,0.996740389,0.446,0.157,0,Macro_ISG15,0.996740389,Macro_ISG15,Mye
ADAR,4.059999999999999e-239,0.982474762,0.674,0.413,7.469999999999997e-235,Macro_ISG15,0.982474762,Macro_ISG15,Mye
PML,3.93e-278,0.976179743,0.482,0.214,7.25e-274,Macro_ISG15,0.976179743,Macro_ISG15,Mye
STAT1,8.84e-216,0.86635132,0.771,0.502,1.6299999999999998e-211,Macro_ISG15,0.86635132,Macro_ISG15,Mye
IRF7,0,0.44631169,0.823,0.373,0,Macro_ISG15,0.44631169,Macro_ISG15,Mye
SELENOP,0,3.113856602,0.417,0.075,0,Macro_LYVE1,3.113856602,Macro_LYVE1,Mye
FOLR2,0,2.959454438,0.773,0.149,0,Macro_LYVE1,2.959454438,Macro_LYVE1,Mye
SLC40A1,0,2.902697799,0.778,0.202,0,Macro_LYVE1,2.902697799,Macro_LYVE1,Mye
PLTP,0,2.434010693,0.845,0.302,0,Macro_LYVE1,2.434010693,Macro_LYVE1,Mye
RNASE1,0,2.350785902,0.761,0.247,0,Macro_LYVE1,2.350785902,Macro_LYVE1,Mye
F13A1,0,2.345275799,0.686,0.209,0,Macro_LYVE1,2.345275799,Macro_LYVE1,Mye
DAB2,0,2.120400522,0.89,0.41,0,Macro_LYVE1,2.120400522,Macro_LYVE1,Mye
MS4A4A,0,1.98739476,0.858,0.397,0,Macro_LYVE1,1.98739476,Macro_LYVE1,Mye
LGMN,0,1.850447413,0.801,0.389,0,Macro_LYVE1,1.850447413,Macro_LYVE1,Mye
STAB1,0,1.846903514,0.788,0.322,0,Macro_LYVE1,1.846903514,Macro_LYVE1,Mye
LILRB5,0,1.817596145,0.381,0.059,0,Macro_LYVE1,1.817596145,Macro_LYVE1,Mye
PDK4,0,1.69446239,0.655,0.293,0,Macro_LYVE1,1.69446239,Macro_LYVE1,Mye
MAF,0,1.678601931,0.654,0.141,0,Macro_LYVE1,1.678601931,Macro_LYVE1,Mye
C1QA,0,1.56798763,0.983,0.545,0,Macro_LYVE1,1.56798763,Macro_LYVE1,Mye
C2,1.0999999999999998e-253,1.55356862,0.404,0.15,2.0299999999999997e-249,Macro_LYVE1,1.55356862,Macro_LYVE1,Mye
SLCO2B1,0,1.532728462,0.821,0.346,0,Macro_LYVE1,1.532728462,Macro_LYVE1,Mye
C1QB,0,1.524304055,0.976,0.523,0,Macro_LYVE1,1.524304055,Macro_LYVE1,Mye
CD163L1,0,1.476568628,0.278,0.02,0,Macro_LYVE1,1.476568628,Macro_LYVE1,Mye
C1QC,0,1.46438202,0.985,0.523,0,Macro_LYVE1,1.46438202,Macro_LYVE1,Mye
GPR34,0,1.435434574,0.66,0.287,0,Macro_LYVE1,1.435434574,Macro_LYVE1,Mye
IGF1,0,1.3377443,0.422,0.063,0,Macro_LYVE1,1.3377443,Macro_LYVE1,Mye
FUCA1,0,1.335125983,0.582,0.233,0,Macro_LYVE1,1.335125983,Macro_LYVE1,Mye
MS4A7,0,1.320691044,0.948,0.648,0,Macro_LYVE1,1.320691044,Macro_LYVE1,Mye
PLD3,0,1.310194371,0.815,0.495,0,Macro_LYVE1,1.310194371,Macro_LYVE1,Mye
MRC1,0,1.289480333,0.365,0.111,0,Macro_LYVE1,1.289480333,Macro_LYVE1,Mye
CXCL12,0,1.267144606,0.385,0.071,0,Macro_LYVE1,1.267144606,Macro_LYVE1,Mye
CD209,0,1.245056994,0.301,0.044,0,Macro_LYVE1,1.245056994,Macro_LYVE1,Mye
A2M,0,1.232031931,0.736,0.371,0,Macro_LYVE1,1.232031931,Macro_LYVE1,Mye
BLVRB,0,1.215958599,0.75,0.477,0,Macro_LYVE1,1.215958599,Macro_LYVE1,Mye
CD163,0,1.202354159,0.849,0.426,0,Macro_LYVE1,1.202354159,Macro_LYVE1,Mye
TMEM37,0,1.143704582,0.388,0.088,0,Macro_LYVE1,1.143704582,Macro_LYVE1,Mye
VSIG4,2.4599999999999998e-226,1.138886382,0.636,0.333,4.5299999999999994e-222,Macro_LYVE1,1.138886382,Macro_LYVE1,Mye
SIGLEC1,9.33e-261,1.095725383,0.437,0.172,1.72e-256,Macro_LYVE1,1.095725383,Macro_LYVE1,Mye
NPL,2.6e-271,1.094167428,0.536,0.244,4.79e-267,Macro_LYVE1,1.094167428,Macro_LYVE1,Mye
LIPA,6.52e-210,1.087043221,0.756,0.488,1.1999999999999999e-205,Macro_LYVE1,1.087043221,Macro_LYVE1,Mye
TSPAN4,0,1.03406666,0.6,0.277,0,Macro_LYVE1,1.03406666,Macro_LYVE1,Mye
CREG1,1.26e-220,1.025468513,0.759,0.5,2.32e-216,Macro_LYVE1,1.025468513,Macro_LYVE1,Mye
GPNMB,1.03e-198,1.0009151570000001,0.608,0.32,1.9099999999999997e-194,Macro_LYVE1,1.0009151570000001,Macro_LYVE1,Mye
CPM,3.3799999999999995e-286,0.999300508,0.663,0.354,6.230000000000001e-282,Macro_LYVE1,0.999300508,Macro_LYVE1,Mye
FRMD4B,1.0399999999999998e-215,0.958843013,0.532,0.272,1.9099999999999997e-211,Macro_LYVE1,0.958843013,Macro_LYVE1,Mye
MSR1,0,0.946660094,0.709,0.363,0,Macro_LYVE1,0.946660094,Macro_LYVE1,Mye
SNX6,2.6199999999999998e-284,0.933602336,0.758,0.503,4.83e-280,Macro_LYVE1,0.933602336,Macro_LYVE1,Mye
TMEM176B,4.19e-210,0.911373414,0.812,0.52,7.71e-206,Macro_LYVE1,0.911373414,Macro_LYVE1,Mye
SDC3,0,0.887573697,0.414,0.138,0,Macro_LYVE1,0.887573697,Macro_LYVE1,Mye
CD14,0,0.884702843,0.925,0.608,0,Macro_LYVE1,0.884702843,Macro_LYVE1,Mye
OLFML2B,0,0.869962082,0.412,0.138,0,Macro_LYVE1,0.869962082,Macro_LYVE1,Mye
MS4A6A,0,0.859484531,0.968,0.702,0,Macro_LYVE1,0.859484531,Macro_LYVE1,Mye
TMEM176A,2.13e-186,0.858041757,0.711,0.435,3.919999999999999e-182,Macro_LYVE1,0.858041757,Macro_LYVE1,Mye
LRP1,5.07e-205,0.856914908,0.675,0.409,9.33e-201,Macro_LYVE1,0.856914908,Macro_LYVE1,Mye
MERTK,1.4999999999999997e-304,0.854128584,0.467,0.178,2.75e-300,Macro_LYVE1,0.854128584,Macro_LYVE1,Mye
CSF1R,4.05e-294,0.828908465,0.841,0.557,7.45e-290,Macro_LYVE1,0.828908465,Macro_LYVE1,Mye
AP2A2,1.3699999999999998e-291,0.823233902,0.499,0.213,2.5199999999999998e-287,Macro_LYVE1,0.823233902,Macro_LYVE1,Mye
CD59,2.469999999999999e-227,0.784735731,0.598,0.327,4.5499999999999994e-223,Macro_LYVE1,0.784735731,Macro_LYVE1,Mye
MAFB,1.1099999999999998e-249,0.771200873,0.893,0.578,2.05e-245,Macro_LYVE1,0.771200873,Macro_LYVE1,Mye
MARCKS,1.4399999999999998e-211,0.698936755,0.799,0.519,2.66e-207,Macro_LYVE1,0.698936755,Macro_LYVE1,Mye
FCHO2,3.0999999999999994e-238,0.693745611,0.465,0.202,5.719999999999999e-234,Macro_LYVE1,0.693745611,Macro_LYVE1,Mye
FCGR3A,5.369999999999999e-110,0.659485029,0.837,0.561,9.889999999999998e-106,Macro_LYVE1,0.659485029,Macro_LYVE1,Mye
NAIP,4.94e-190,0.615589094,0.618,0.358,9.1e-186,Macro_LYVE1,0.615589094,Macro_LYVE1,Mye
NRP1,0,0.597489568,0.473,0.148,0,Macro_LYVE1,0.597489568,Macro_LYVE1,Mye
CTSC,0,0.551635283,0.915,0.665,0,Macro_LYVE1,0.551635283,Macro_LYVE1,Mye
IL1B,0,2.012088083,0.7,0.299,0,Macro_NLRP3,2.012088083,Macro_NLRP3,Mye
EREG,0,1.938799679,0.514,0.122,0,Macro_NLRP3,1.938799679,Macro_NLRP3,Mye
G0S2,0,1.864777029,0.468,0.158,0,Macro_NLRP3,1.864777029,Macro_NLRP3,Mye
NLRP3,0,1.651771696,0.553,0.234,0,Macro_NLRP3,1.651771696,Macro_NLRP3,Mye
THBS1,0,1.628194212,0.498,0.148,0,Macro_NLRP3,1.628194212,Macro_NLRP3,Mye
S100A9,0,1.440849123,0.742,0.428,0,Macro_NLRP3,1.440849123,Macro_NLRP3,Mye
CXCL2,0,1.383662174,0.538,0.196,0,Macro_NLRP3,1.383662174,Macro_NLRP3,Mye
PLAUR,0,1.32511162,0.898,0.616,0,Macro_NLRP3,1.32511162,Macro_NLRP3,Mye
S100A8,0,1.29406419,0.703,0.318,0,Macro_NLRP3,1.29406419,Macro_NLRP3,Mye
VEGFA,0,1.204657095,0.484,0.191,0,Macro_NLRP3,1.204657095,Macro_NLRP3,Mye
VCAN,0,1.186704758,0.608,0.188,0,Macro_NLRP3,1.186704758,Macro_NLRP3,Mye
KDM6B,0,1.169539854,0.63,0.312,0,Macro_NLRP3,1.169539854,Macro_NLRP3,Mye
C5AR1,0,1.16213817,0.642,0.385,0,Macro_NLRP3,1.16213817,Macro_NLRP3,Mye
HBEGF,0,1.141436703,0.572,0.246,0,Macro_NLRP3,1.141436703,Macro_NLRP3,Mye
BCL2A1,0,1.125808794,0.75,0.443,0,Macro_NLRP3,1.125808794,Macro_NLRP3,Mye
OLR1,0,1.082555082,0.582,0.325,0,Macro_NLRP3,1.082555082,Macro_NLRP3,Mye
IER3,0,1.061447629,0.786,0.508,0,Macro_NLRP3,1.061447629,Macro_NLRP3,Mye
NAMPT,0,1.026725642,0.84,0.547,0,Macro_NLRP3,1.026725642,Macro_NLRP3,Mye
TREM1,0,1.012835801,0.504,0.211,0,Macro_NLRP3,1.012835801,Macro_NLRP3,Mye
CD300E,0,0.972213009,0.406,0.143,0,Macro_NLRP3,0.972213009,Macro_NLRP3,Mye
SLC11A1,0,0.913034605,0.75,0.439,0,Macro_NLRP3,0.913034605,Macro_NLRP3,Mye
FCN1,0,0.898642185,0.608,0.216,0,Macro_NLRP3,0.898642185,Macro_NLRP3,Mye
SLC25A37,0,0.870332383,0.534,0.267,0,Macro_NLRP3,0.870332383,Macro_NLRP3,Mye
GK,0,0.868474634,0.594,0.342,0,Macro_NLRP3,0.868474634,Macro_NLRP3,Mye
SLC2A3,0,0.849654091,0.694,0.408,0,Macro_NLRP3,0.849654091,Macro_NLRP3,Mye
AREG,0,0.835321988,0.531,0.25,0,Macro_NLRP3,0.835321988,Macro_NLRP3,Mye
CCL3,0,0.485796006,0.625,0.351,0,Macro_NLRP3,0.485796006,Macro_NLRP3,Mye
CXCL9,0,2.32046315,0.576,0.111,0,Macro_OLFML3,2.32046315,Macro_OLFML3,Mye
CXCL10,0,2.248913288,0.551,0.107,0,Macro_OLFML3,2.248913288,Macro_OLFML3,Mye
FN1,0,1.611110502,0.609,0.176,0,Macro_OLFML3,1.611110502,Macro_OLFML3,Mye
CXCL11,0,1.605403464,0.286,0.034,0,Macro_OLFML3,1.605403464,Macro_OLFML3,Mye
GBP5,0,1.601370506,0.767,0.186,0,Macro_OLFML3,1.601370506,Macro_OLFML3,Mye
GBP1,0,1.594390712,0.857,0.287,0,Macro_OLFML3,1.594390712,Macro_OLFML3,Mye
GBP4,0,1.553955992,0.822,0.215,0,Macro_OLFML3,1.553955992,Macro_OLFML3,Mye
C3,0,1.550367629,0.777,0.339,0,Macro_OLFML3,1.550367629,Macro_OLFML3,Mye
OLFML3,0,1.425738781,0.634,0.179,0,Macro_OLFML3,1.425738781,Macro_OLFML3,Mye
ANKRD22,0,1.37342719,0.697,0.172,0,Macro_OLFML3,1.37342719,Macro_OLFML3,Mye
C1QB,0,1.264219889,0.887,0.507,0,Macro_OLFML3,1.264219889,Macro_OLFML3,Mye
C1QA,0,1.16693283,0.897,0.529,0,Macro_OLFML3,1.16693283,Macro_OLFML3,Mye
SERPING1,0,1.155256698,0.877,0.342,0,Macro_OLFML3,1.155256698,Macro_OLFML3,Mye
SCIN,0,1.153772361,0.407,0.051,0,Macro_OLFML3,1.153772361,Macro_OLFML3,Mye
VAMP5,0,1.086500561,0.908,0.432,0,Macro_OLFML3,1.086500561,Macro_OLFML3,Mye
APOL3,0,1.081148094,0.56,0.139,0,Macro_OLFML3,1.081148094,Macro_OLFML3,Mye
FCGR1A,0,1.081017909,0.829,0.363,0,Macro_OLFML3,1.081017909,Macro_OLFML3,Mye
C1QC,0,1.077061352,0.889,0.507,0,Macro_OLFML3,1.077061352,Macro_OLFML3,Mye
MDK,0,1.041788736,0.362,0.064,0,Macro_OLFML3,1.041788736,Macro_OLFML3,Mye
STAT1,0,0.923243461,0.916,0.472,0,Macro_OLFML3,0.923243461,Macro_OLFML3,Mye
TMEM176B,0,0.898539059,0.915,0.491,0,Macro_OLFML3,0.898539059,Macro_OLFML3,Mye
LGALS3BP,0,0.893492231,0.748,0.271,0,Macro_OLFML3,0.893492231,Macro_OLFML3,Mye
GBP2,0,0.887889946,0.815,0.322,0,Macro_OLFML3,0.887889946,Macro_OLFML3,Mye
PPA1,0,0.882157763,0.843,0.418,0,Macro_OLFML3,0.882157763,Macro_OLFML3,Mye
TNFSF10,0,0.862799482,0.743,0.317,0,Macro_OLFML3,0.862799482,Macro_OLFML3,Mye
FGL2,0,0.825407509,0.948,0.576,0,Macro_OLFML3,0.825407509,Macro_OLFML3,Mye
LAP3,0,0.79895337,0.936,0.545,0,Macro_OLFML3,0.79895337,Macro_OLFML3,Mye
SLAMF8,0,0.75563,0.717,0.28,0,Macro_OLFML3,0.75563,Macro_OLFML3,Mye
GIMAP4,0,0.746717997,0.841,0.381,0,Macro_OLFML3,0.746717997,Macro_OLFML3,Mye
CD40,0,0.697597986,0.639,0.252,0,Macro_OLFML3,0.697597986,Macro_OLFML3,Mye
HAPLN3,0,0.691518197,0.358,0.086,0,Macro_OLFML3,0.691518197,Macro_OLFML3,Mye
GIMAP7,0,0.683540711,0.637,0.212,0,Macro_OLFML3,0.683540711,Macro_OLFML3,Mye
IL4I1,0,0.679854794,0.499,0.204,0,Macro_OLFML3,0.679854794,Macro_OLFML3,Mye
GIMAP5,0,0.675649649,0.417,0.128,0,Macro_OLFML3,0.675649649,Macro_OLFML3,Mye
TMEM176A,0,0.66781622,0.831,0.405,0,Macro_OLFML3,0.66781622,Macro_OLFML3,Mye
GSN,0,0.664090318,0.933,0.6,0,Macro_OLFML3,0.664090318,Macro_OLFML3,Mye
SNX10,0,0.661403159,0.821,0.448,0,Macro_OLFML3,0.661403159,Macro_OLFML3,Mye
CD72,0,0.659310353,0.511,0.172,0,Macro_OLFML3,0.659310353,Macro_OLFML3,Mye
PSME2,0,0.649832663,0.971,0.686,0,Macro_OLFML3,0.649832663,Macro_OLFML3,Mye
FCGR3A,0,0.631094656,0.939,0.533,0,Macro_OLFML3,0.631094656,Macro_OLFML3,Mye
PSTPIP2,0,0.6229234,0.539,0.218,0,Macro_OLFML3,0.6229234,Macro_OLFML3,Mye
SLC1A3,0,0.604964435,0.704,0.324,0,Macro_OLFML3,0.604964435,Macro_OLFML3,Mye
EBI3,0,0.597164606,0.443,0.127,0,Macro_OLFML3,0.597164606,Macro_OLFML3,Mye
APOC1,0,0.593976816,0.808,0.473,0,Macro_OLFML3,0.593976816,Macro_OLFML3,Mye
YWHAH,5.599999999999999e-272,0.569482461,0.786,0.503,1.03e-267,Macro_OLFML3,0.569482461,Macro_OLFML3,Mye
FCGR1B,0,0.565101629,0.539,0.166,0,Macro_OLFML3,0.565101629,Macro_OLFML3,Mye
MARCKS,0,0.562477489,0.87,0.494,0,Macro_OLFML3,0.562477489,Macro_OLFML3,Mye
APBB1IP,0,0.557405829,0.783,0.444,0,Macro_OLFML3,0.557405829,Macro_OLFML3,Mye
APOE,0,0.551093788,0.792,0.474,0,Macro_OLFML3,0.551093788,Macro_OLFML3,Mye
BHLHE41,0,0.538524313,0.37,0.091,0,Macro_OLFML3,0.538524313,Macro_OLFML3,Mye
SLC8A1,0,0.530725129,0.669,0.331,0,Macro_OLFML3,0.530725129,Macro_OLFML3,Mye
CAMK2D,0,0.514918391,0.432,0.139,0,Macro_OLFML3,0.514918391,Macro_OLFML3,Mye
EPSTI1,0,0.512208621,0.776,0.368,0,Macro_OLFML3,0.512208621,Macro_OLFML3,Mye
GIMAP1,0,0.508342099,0.585,0.23,0,Macro_OLFML3,0.508342099,Macro_OLFML3,Mye
SAMD9L,0,0.502149993,0.591,0.244,0,Macro_OLFML3,0.502149993,Macro_OLFML3,Mye
CD38,0,0.493418404,0.484,0.152,0,Macro_OLFML3,0.493418404,Macro_OLFML3,Mye
P2RY13,0,0.492693259,0.423,0.17,0,Macro_OLFML3,0.492693259,Macro_OLFML3,Mye
SFMBT2,0,0.48914214,0.46,0.186,0,Macro_OLFML3,0.48914214,Macro_OLFML3,Mye
PSMB9,0,0.48038514,0.946,0.625,0,Macro_OLFML3,0.48038514,Macro_OLFML3,Mye
IL18,0,0.474197817,0.75,0.407,0,Macro_OLFML3,0.474197817,Macro_OLFML3,Mye
AXL,9.35e-277,0.473104236,0.527,0.252,1.7199999999999998e-272,Macro_OLFML3,0.473104236,Macro_OLFML3,Mye
CTSH,0,0.469620811,0.967,0.681,0,Macro_OLFML3,0.469620811,Macro_OLFML3,Mye
CCND1,0,0.468769159,0.469,0.13,0,Macro_OLFML3,0.468769159,Macro_OLFML3,Mye
PAK1,0,0.466719416,0.746,0.402,0,Macro_OLFML3,0.466719416,Macro_OLFML3,Mye
P2RY6,0,0.458512451,0.45,0.165,0,Macro_OLFML3,0.458512451,Macro_OLFML3,Mye
REEP4,0,0.454216377,0.491,0.212,0,Macro_OLFML3,0.454216377,Macro_OLFML3,Mye
ADORA3,0,0.449298148,0.551,0.23,0,Macro_OLFML3,0.449298148,Macro_OLFML3,Mye
TNFSF13B,0,0.446529197,0.903,0.542,0,Macro_OLFML3,0.446529197,Macro_OLFML3,Mye
DNASE2,0,0.445765685,0.685,0.331,0,Macro_OLFML3,0.445765685,Macro_OLFML3,Mye
SLAMF7,0,0.436579391,0.492,0.178,0,Macro_OLFML3,0.436579391,Macro_OLFML3,Mye
TAP1,0,0.435024347,0.778,0.382,0,Macro_OLFML3,0.435024347,Macro_OLFML3,Mye
STOM,0,0.433980775,0.643,0.312,0,Macro_OLFML3,0.433980775,Macro_OLFML3,Mye
ATF5,0,0.433307445,0.673,0.325,0,Macro_OLFML3,0.433307445,Macro_OLFML3,Mye
RASSF4,0,0.431260267,0.823,0.471,0,Macro_OLFML3,0.431260267,Macro_OLFML3,Mye
MYOF,0,0.428876819,0.509,0.185,0,Macro_OLFML3,0.428876819,Macro_OLFML3,Mye
SCIMP,0,0.427422891,0.583,0.243,0,Macro_OLFML3,0.427422891,Macro_OLFML3,Mye
JAK2,0,0.42260443,0.491,0.211,0,Macro_OLFML3,0.42260443,Macro_OLFML3,Mye
LPCAT2,0,0.406776536,0.621,0.274,0,Macro_OLFML3,0.406776536,Macro_OLFML3,Mye
HMOX1,0,0.405900286,0.823,0.513,0,Macro_OLFML3,0.405900286,Macro_OLFML3,Mye
MNDA,0,0.39965068,0.852,0.497,0,Macro_OLFML3,0.39965068,Macro_OLFML3,Mye
FMNL2,0,0.397528783,0.475,0.199,0,Macro_OLFML3,0.397528783,Macro_OLFML3,Mye
PTAFR,0,0.397275687,0.698,0.339,0,Macro_OLFML3,0.397275687,Macro_OLFML3,Mye
IFIT2,0,0.389731272,0.437,0.165,0,Macro_OLFML3,0.389731272,Macro_OLFML3,Mye
ETV5,0,0.38807634,0.432,0.172,0,Macro_OLFML3,0.38807634,Macro_OLFML3,Mye
APOL6,0,0.371359427,0.524,0.23,0,Macro_OLFML3,0.371359427,Macro_OLFML3,Mye
PLEKHO1,0,0.370364653,0.646,0.328,0,Macro_OLFML3,0.370364653,Macro_OLFML3,Mye
SIGLEC10,0,0.369918355,0.624,0.286,0,Macro_OLFML3,0.369918355,Macro_OLFML3,Mye
NMI,0,0.364600338,0.584,0.267,0,Macro_OLFML3,0.364600338,Macro_OLFML3,Mye
LPAR6,0,0.363367406,0.647,0.285,0,Macro_OLFML3,0.363367406,Macro_OLFML3,Mye
GALM,0,0.356620596,0.47,0.165,0,Macro_OLFML3,0.356620596,Macro_OLFML3,Mye
GLRX,0,0.349810461,0.825,0.516,0,Macro_OLFML3,0.349810461,Macro_OLFML3,Mye
SERPINA1,0,0.347322879,0.965,0.694,0,Macro_OLFML3,0.347322879,Macro_OLFML3,Mye
IRF1,6.119999999999999e-253,0.345913631,0.69,0.41,1.1299999999999998e-248,Macro_OLFML3,0.345913631,Macro_OLFML3,Mye
UBE2L6,0,0.343325772,0.899,0.533,0,Macro_OLFML3,0.343325772,Macro_OLFML3,Mye
MEF2A,0,0.33397706,0.695,0.39,0,Macro_OLFML3,0.33397706,Macro_OLFML3,Mye
CTSZ,1.26e-221,0.331076843,0.89,0.625,2.3199999999999998e-217,Macro_OLFML3,0.331076843,Macro_OLFML3,Mye
ADAP2,0,0.330907117,0.751,0.41,0,Macro_OLFML3,0.330907117,Macro_OLFML3,Mye
ASCL2,0,0.328332767,0.379,0.128,0,Macro_OLFML3,0.328332767,Macro_OLFML3,Mye
SMCO4,0,0.325902843,0.757,0.379,0,Macro_OLFML3,0.325902843,Macro_OLFML3,Mye
SLC31A2,1.9599999999999996e-304,0.324629203,0.721,0.41,3.6099999999999994e-300,Macro_OLFML3,0.324629203,Macro_OLFML3,Mye
TPSAB1,0,7.655509488,0.966,0.015,0,Mast,7.655509488,Mast,Mye
TPSB2,0,6.866360801,0.867,0.009,0,Mast,6.866360801,Mast,Mye
CPA3,0,6.225118599,0.919,0.002,0,Mast,6.225118599,Mast,Mye
TPSD1,0,4.684562452,0.597,0.006,0,Mast,4.684562452,Mast,Mye
HPGD,0,4.671642413,0.684,0.015,0,Mast,4.671642413,Mast,Mye
CLU,0,4.218901858,0.771,0.073,0,Mast,4.218901858,Mast,Mye
GATA2,0,4.214649409,0.783,0.001,0,Mast,4.214649409,Mast,Mye
KIT,0,4.1263626,0.72,0.005,0,Mast,4.1263626,Mast,Mye
MS4A2,0,3.827286978,0.528,0,0,Mast,3.827286978,Mast,Mye
HDC,0,3.749981191,0.472,0,0,Mast,3.749981191,Mast,Mye
VWA5A,0,3.684158675,0.733,0.042,0,Mast,3.684158675,Mast,Mye
HPGDS,0,3.552535609,0.552,0.043,0,Mast,3.552535609,Mast,Mye
LTC4S,0,3.125045444,0.77,0.25,0,Mast,3.125045444,Mast,Mye
SLC18A2,0,3.012996632,0.502,0.004,0,Mast,3.012996632,Mast,Mye
CSF1,0,2.966365297,0.385,0.018,0,Mast,2.966365297,Mast,Mye
IL1RL1,0,2.861535928,0.452,0.001,0,Mast,2.861535928,Mast,Mye
CD69,0,2.699057567,0.642,0.187,0,Mast,2.699057567,Mast,Mye
RHEX,0,2.671031457,0.513,0.015,0,Mast,2.671031457,Mast,Mye
TIMP3,0,2.534103474,0.398,0.013,0,Mast,2.534103474,Mast,Mye
BACE2,0,2.442221093,0.498,0.011,0,Mast,2.442221093,Mast,Mye
SOCS1,0,2.41367367,0.497,0.183,0,Mast,2.41367367,Mast,Mye
LAT,0,2.318745421,0.45,0.035,0,Mast,2.318745421,Mast,Mye
RAB27B,0,2.148990157,0.399,0.002,0,Mast,2.148990157,Mast,Mye
SIGLEC6,0,2.136551797,0.381,0.006,0,Mast,2.136551797,Mast,Mye
RGS13,0,2.120269219,0.362,0.011,0,Mast,2.120269219,Mast,Mye
LMO4,0,2.100546193,0.496,0.219,0,Mast,2.100546193,Mast,Mye
GRAP2,0,2.045565014,0.36,0.007,0,Mast,2.045565014,Mast,Mye
NSMCE1,0,2.025759515,0.505,0.255,0,Mast,2.025759515,Mast,Mye
TNIK,0,1.948428509,0.376,0.025,0,Mast,1.948428509,Mast,Mye
MAOB,0,1.942396099,0.358,0.003,0,Mast,1.942396099,Mast,Mye
CNRIP1,0,1.907583191,0.429,0.057,0,Mast,1.907583191,Mast,Mye
MLPH,0,1.89564522,0.352,0.013,0,Mast,1.89564522,Mast,Mye
HS3ST1,0,1.877656083,0.396,0.097,0,Mast,1.877656083,Mast,Mye
SLC45A3,0,1.803512328,0.366,0.006,0,Mast,1.803512328,Mast,Mye
TESPA1,0,1.769896961,0.363,0.018,0,Mast,1.769896961,Mast,Mye
ATP6V0A2,0,1.722440966,0.403,0.103,0,Mast,1.722440966,Mast,Mye
SYTL3,0,1.676166547,0.373,0.1,0,Mast,1.676166547,Mast,Mye
PTGS1,0,1.675286744,0.495,0.24,0,Mast,1.675286744,Mast,Mye
SKAP1,0,1.615708273,0.277,0.008,0,Mast,1.615708273,Mast,Mye
ATP5MC2,0,1.602865773,0.736,0.412,0,Mast,1.602865773,Mast,Mye
LIF,0,1.579630898,0.26,0.006,0,Mast,1.579630898,Mast,Mye
MAST4,0,1.532376259,0.296,0.018,0,Mast,1.532376259,Mast,Mye
ITM2A,0,1.504813557,0.28,0.012,0,Mast,1.504813557,Mast,Mye
SMYD3,0,1.472079697,0.368,0.042,0,Mast,1.472079697,Mast,Mye
CTSW,0,1.434970631,0.308,0.035,0,Mast,1.434970631,Mast,Mye
DLC1,0,1.429834784,0.275,0.009,0,Mast,1.429834784,Mast,Mye
EGR1,0,1.41419784,0.566,0.267,0,Mast,1.41419784,Mast,Mye
ADRB2,0,1.408623656,0.342,0.082,0,Mast,1.408623656,Mast,Mye
CD82,0,1.361325,0.509,0.221,0,Mast,1.361325,Mast,Mye
STXBP6,0,1.322150821,0.264,0.004,0,Mast,1.322150821,Mast,Mye
RACK1,0,1.272304439,0.765,0.446,0,Mast,1.272304439,Mast,Mye
RAC2,0,1.226840602,0.745,0.479,0,Mast,1.226840602,Mast,Mye
NTRK1,0,1.226663585,0.251,0,0,Mast,1.226663585,Mast,Mye
P2RX1,0,1.175250239,0.343,0.061,0,Mast,1.175250239,Mast,Mye
RPL22,0,0.851633017,0.771,0.513,0,Mast,0.851633017,Mast,Mye
RPL30,0,0.747600327,0.876,0.56,0,Mast,0.747600327,Mast,Mye
RPL14,0,0.699282793,0.829,0.523,0,Mast,0.699282793,Mast,Mye
RPL32,0,0.603477793,0.87,0.558,0,Mast,0.603477793,Mast,Mye
RPL34,0,0.530396212,0.867,0.555,0,Mast,0.530396212,Mast,Mye
RPL11,0,0.517416385,0.877,0.56,0,Mast,0.517416385,Mast,Mye
RPL24,0,0.506846235,0.79,0.521,0,Mast,0.506846235,Mast,Mye
RPS27A,0,0.47673917,0.874,0.555,0,Mast,0.47673917,Mast,Mye
RPS7,0,0.467533731,0.838,0.541,0,Mast,0.467533731,Mast,Mye
MT-CYB,0,0.423721344,0.872,0.558,0,Mast,0.423721344,Mast,Mye
RPS4X,0,0.412805038,0.853,0.545,0,Mast,0.412805038,Mast,Mye
RPL12,0,0.35969611,0.862,0.555,0,Mast,0.35969611,Mast,Mye
RPL7A,0,0.332229629,0.856,0.538,0,Mast,0.332229629,Mast,Mye
RPS8,0,0.293008514,0.875,0.557,0,Mast,0.293008514,Mast,Mye
RPL35A,0,0.254307309,0.817,0.544,0,Mast,0.254307309,Mast,Mye
RPL5,0,0.232286953,0.826,0.496,0,Mast,0.232286953,Mast,Mye
MT-CO2,0,0.200024606,0.908,0.574,0,Mast,0.200024606,Mast,Mye
RPL39,0,0.186366819,0.859,0.561,0,Mast,0.186366819,Mast,Mye
RPL18,0,0.158912066,0.83,0.543,0,Mast,0.158912066,Mast,Mye
S100A8,0,3.966489542,0.953,0.308,0,Mono_CD14,3.966489542,Mono_CD14,Mye
S100A12,0,3.395028403,0.66,0.075,0,Mono_CD14,3.395028403,Mono_CD14,Mye
S100A9,0,3.194663265,0.96,0.419,0,Mono_CD14,3.194663265,Mono_CD14,Mye
FCN1,0,2.758467199,0.822,0.209,0,Mono_CD14,2.758467199,Mono_CD14,Mye
VCAN,0,2.356235879,0.805,0.183,0,Mono_CD14,2.356235879,Mono_CD14,Mye
CSTA,0,1.781058594,0.667,0.412,0,Mono_CD14,1.781058594,Mono_CD14,Mye
CDA,0,1.676400135,0.373,0.068,0,Mono_CD14,1.676400135,Mono_CD14,Mye
LGALS2,0,1.671622473,0.501,0.239,0,Mono_CD14,1.671622473,Mono_CD14,Mye
CFP,0,1.565983012,0.567,0.181,0,Mono_CD14,1.565983012,Mono_CD14,Mye
STXBP2,0,1.436593876,0.666,0.402,0,Mono_CD14,1.436593876,Mono_CD14,Mye
CD300E,0,1.334796541,0.441,0.146,0,Mono_CD14,1.334796541,Mono_CD14,Mye
THBS1,0,1.26619816,0.443,0.16,0,Mono_CD14,1.26619816,Mono_CD14,Mye
CD36,0,1.127143473,0.457,0.182,0,Mono_CD14,1.127143473,Mono_CD14,Mye
LILRA5,0,0.978131307,0.431,0.167,0,Mono_CD14,0.978131307,Mono_CD14,Mye
IFITM2,0,2.049387914,0.917,0.636,0,Mono_CD16,2.049387914,Mono_CD16,Mye
MTSS1,0,1.969627649,0.608,0.183,0,Mono_CD16,1.969627649,Mono_CD16,Mye
TCF7L2,0,1.829053606,0.476,0.069,0,Mono_CD16,1.829053606,Mono_CD16,Mye
GPBAR1,0,1.75885217,0.363,0.084,0,Mono_CD16,1.75885217,Mono_CD16,Mye
FCGR3A,2.4299999999999997e-292,1.75262094,0.818,0.565,4.47e-288,Mono_CD16,1.75262094,Mono_CD16,Mye
C19orf38,0,1.725217489,0.587,0.22,0,Mono_CD16,1.725217489,Mono_CD16,Mye
LILRB2,0,1.703921698,0.765,0.445,0,Mono_CD16,1.703921698,Mono_CD16,Mye
LILRA1,0,1.692408289,0.425,0.101,0,Mono_CD16,1.692408289,Mono_CD16,Mye
FCN1,0,1.660793343,0.813,0.229,0,Mono_CD16,1.660793343,Mono_CD16,Mye
CD52,0,1.618982567,0.755,0.376,0,Mono_CD16,1.618982567,Mono_CD16,Mye
STXBP2,0,1.60301334,0.769,0.406,0,Mono_CD16,1.60301334,Mono_CD16,Mye
LILRA5,0,1.599307722,0.681,0.166,0,Mono_CD16,1.599307722,Mono_CD16,Mye
CDKN1C,0,1.53034543,0.366,0.05,0,Mono_CD16,1.53034543,Mono_CD16,Mye
CDA,0,1.518499408,0.366,0.078,0,Mono_CD16,1.518499408,Mono_CD16,Mye
LRRC25,1.04e-261,1.484547799,0.6,0.323,1.9099999999999998e-257,Mono_CD16,1.484547799,Mono_CD16,Mye
CYTIP,1.0499999999999999e-302,1.469153591,0.679,0.38,1.94e-298,Mono_CD16,1.469153591,Mono_CD16,Mye
LYST,0,1.455147785,0.572,0.217,0,Mono_CD16,1.455147785,Mono_CD16,Mye
ICAM2,2.85e-282,1.432324771,0.438,0.155,5.25e-278,Mono_CD16,1.432324771,Mono_CD16,Mye
SPN,1.8799999999999998e-239,1.417915238,0.418,0.157,3.469999999999999e-235,Mono_CD16,1.417915238,Mono_CD16,Mye
NAAA,9.51e-233,1.378278345,0.611,0.358,1.75e-228,Mono_CD16,1.378278345,Mono_CD16,Mye
TESC,0,1.37265459,0.395,0.089,0,Mono_CD16,1.37265459,Mono_CD16,Mye
LIMD2,0,1.358552043,0.746,0.471,0,Mono_CD16,1.358552043,Mono_CD16,Mye
ITGAL,3.1299999999999998e-270,1.348848279,0.425,0.15,5.77e-266,Mono_CD16,1.348848279,Mono_CD16,Mye
CFD,1.4499999999999998e-222,1.315528962,0.81,0.553,2.6599999999999996e-218,Mono_CD16,1.315528962,Mono_CD16,Mye
SIDT2,1.33e-230,1.308589797,0.422,0.166,2.45e-226,Mono_CD16,1.308589797,Mono_CD16,Mye
POU2F2,4.72e-305,1.289033876,0.583,0.258,8.699999999999999e-304,Mono_CD16,1.289033876,Mono_CD16,Mye
CFP,0,1.249511811,0.606,0.191,0,Mono_CD16,1.249511811,Mono_CD16,Mye
LILRA3,0,1.202158738,0.289,0.027,0,Mono_CD16,1.202158738,Mono_CD16,Mye
APOBEC3A,0,1.133792521,0.466,0.125,0,Mono_CD16,1.133792521,Mono_CD16,Mye
MYO1G,4.4699999999999994e-191,1.075496263,0.539,0.273,8.229999999999999e-187,Mono_CD16,1.075496263,Mono_CD16,Mye
ICAM3,1.96e-266,1.071350214,0.479,0.185,3.61e-262,Mono_CD16,1.071350214,Mono_CD16,Mye
IFITM1,3.25e-184,0.923392586,0.535,0.243,5.989999999999999e-180,Mono_CD16,0.923392586,Mono_CD16,Mye
BCL2A1,2.8799999999999993e-232,0.758302909,0.777,0.458,5.31e-228,Mono_CD16,0.758302909,Mono_CD16,Mye
CD300E,9.63e-212,0.63062418,0.435,0.156,1.77e-207,Mono_CD16,0.63062418,Mono_CD16,Mye
CXCL8,0,3.647632079,0.686,0.164,0,Mono_INHBA,3.647632079,Mono_INHBA,Mye
CCL20,0,3.459652966,0.345,0.048,0,Mono_INHBA,3.459652966,Mono_INHBA,Mye
CXCL3,0,3.006185656,0.569,0.137,0,Mono_INHBA,3.006185656,Mono_INHBA,Mye
INHBA,0,2.895171825,0.469,0.04,0,Mono_INHBA,2.895171825,Mono_INHBA,Mye
IL1B,0,2.893548546,0.697,0.313,0,Mono_INHBA,2.893548546,Mono_INHBA,Mye
CCL3L1,0,2.891887977,0.483,0.142,0,Mono_INHBA,2.891887977,Mono_INHBA,Mye
PTGS2,0,2.879558896,0.53,0.158,0,Mono_INHBA,2.879558896,Mono_INHBA,Mye
IL6,0,2.767441896,0.329,0.029,0,Mono_INHBA,2.767441896,Mono_INHBA,Mye
CXCL2,0,2.521685217,0.633,0.202,0,Mono_INHBA,2.521685217,Mono_INHBA,Mye
CCL3,0,2.472521157,0.768,0.352,0,Mono_INHBA,2.472521157,Mono_INHBA,Mye
IL1RN,0,2.448330064,0.676,0.191,0,Mono_INHBA,2.448330064,Mono_INHBA,Mye
CCL4,0,2.432207598,0.634,0.29,0,Mono_INHBA,2.432207598,Mono_INHBA,Mye
C15orf48,0,2.42543098,0.807,0.316,0,Mono_INHBA,2.42543098,Mono_INHBA,Mye
G0S2,0,2.354487308,0.564,0.162,0,Mono_INHBA,2.354487308,Mono_INHBA,Mye
CCL4L2,0,2.3060075,0.446,0.179,0,Mono_INHBA,2.3060075,Mono_INHBA,Mye
TNIP3,0,2.261086528,0.4,0.021,0,Mono_INHBA,2.261086528,Mono_INHBA,Mye
SPP1,0,2.172192235,0.487,0.21,0,Mono_INHBA,2.172192235,Mono_INHBA,Mye
EREG,0,1.981302551,0.485,0.137,0,Mono_INHBA,1.981302551,Mono_INHBA,Mye
TREM1,0,1.864331602,0.593,0.216,0,Mono_INHBA,1.864331602,Mono_INHBA,Mye
TNFAIP6,0,1.856515105,0.34,0.048,0,Mono_INHBA,1.856515105,Mono_INHBA,Mye
PLAUR,0,1.774070911,0.924,0.623,0,Mono_INHBA,1.774070911,Mono_INHBA,Mye
ADM,0,1.73164585,0.406,0.128,0,Mono_INHBA,1.73164585,Mono_INHBA,Mye
AQP9,0,1.670232466,0.428,0.097,0,Mono_INHBA,1.670232466,Mono_INHBA,Mye
BCL2A1,0,1.665965776,0.796,0.45,0,Mono_INHBA,1.665965776,Mono_INHBA,Mye
MMP19,0,1.657284319,0.459,0.107,0,Mono_INHBA,1.657284319,Mono_INHBA,Mye
SLC25A37,6.13e-267,1.631339749,0.538,0.276,1.13e-262,Mono_INHBA,1.631339749,Mono_INHBA,Mye
VCAN,1.54e-238,1.607702502,0.489,0.209,2.839999999999999e-234,Mono_INHBA,1.607702502,Mono_INHBA,Mye
IER3,0,1.600931455,0.785,0.517,0,Mono_INHBA,1.600931455,Mono_INHBA,Mye
ANPEP,0,1.524670955,0.546,0.188,0,Mono_INHBA,1.524670955,Mono_INHBA,Mye
SLC2A3,0,1.438019122,0.752,0.414,0,Mono_INHBA,1.438019122,Mono_INHBA,Mye
SLC11A1,2.8400000000000003e-273,1.394555961,0.739,0.45,5.2300000000000004e-269,Mono_INHBA,1.394555961,Mono_INHBA,Mye
SLC39A8,0,1.323390284,0.365,0.109,0,Mono_INHBA,1.323390284,Mono_INHBA,Mye
UPP1,1.0099999999999997e-304,1.319582796,0.693,0.415,1.8499999999999997e-300,Mono_INHBA,1.319582796,Mono_INHBA,Mye
SDC2,0,1.315750509,0.359,0.086,0,Mono_INHBA,1.315750509,Mono_INHBA,Mye
EHD1,0,1.297387959,0.443,0.145,0,Mono_INHBA,1.297387959,Mono_INHBA,Mye
SOCS3,4.3e-269,1.264125529,0.606,0.342,7.91e-265,Mono_INHBA,1.264125529,Mono_INHBA,Mye
NDRG1,0,1.254441326,0.443,0.183,0,Mono_INHBA,1.254441326,Mono_INHBA,Mye
GK,2.3999999999999995e-279,1.239512516,0.614,0.349,4.42e-275,Mono_INHBA,1.239512516,Mono_INHBA,Mye
EMP1,0,1.196706373,0.361,0.065,0,Mono_INHBA,1.196706373,Mono_INHBA,Mye
FNDC3B,7.409999999999999e-272,1.186841713,0.529,0.264,1.36e-267,Mono_INHBA,1.186841713,Mono_INHBA,Mye
ATP13A3,0,1.179671784,0.504,0.193,0,Mono_INHBA,1.179671784,Mono_INHBA,Mye
ERO1A,0,1.177816684,0.399,0.116,0,Mono_INHBA,1.177816684,Mono_INHBA,Mye
PDE4DIP,1.78e-301,1.168480568,0.579,0.306,3.27e-297,Mono_INHBA,1.168480568,Mono_INHBA,Mye
CTSL,0,1.140100933,0.834,0.5,0,Mono_INHBA,1.140100933,Mono_INHBA,Mye
VEGFA,0,1.12407076,0.537,0.198,0,Mono_INHBA,1.12407076,Mono_INHBA,Mye
TRAF1,0,1.080407693,0.368,0.118,0,Mono_INHBA,1.080407693,Mono_INHBA,Mye
FLNA,0,0.730705602,0.751,0.433,0,Mono_INHBA,0.730705602,Mono_INHBA,Mye
S100A9,1.7899999999999996e-229,0.243335482,0.747,0.438,3.29e-225,Mono_INHBA,0.243335482,Mono_INHBA,Mye
GZMB,0,8.6301254019999991,0.783,0.014,0,pDC_LILRA4,8.6301254019999991,pDC_LILRA4,Mye
PTGDS,0,7.479966657,0.385,0.014,0,pDC_LILRA4,7.479966657,pDC_LILRA4,Mye
LILRA4,0,6.773576581,0.68,0.032,0,pDC_LILRA4,6.773576581,pDC_LILRA4,Mye
TCL1A,0,6.603413533,0.442,0.001,0,pDC_LILRA4,6.603413533,pDC_LILRA4,Mye
CLIC3,0,5.736877472,0.688,0.021,0,pDC_LILRA4,5.736877472,pDC_LILRA4,Mye
SERPINF1,0,5.539665334,0.742,0.386,0,pDC_LILRA4,5.539665334,pDC_LILRA4,Mye
CYB561A3,0,5.518796826,0.709,0.19,0,pDC_LILRA4,5.518796826,pDC_LILRA4,Mye
BCL11A,0,5.343740615,0.646,0.054,0,pDC_LILRA4,5.343740615,pDC_LILRA4,Mye
ITM2C,0,5.332982247,0.779,0.105,0,pDC_LILRA4,5.332982247,pDC_LILRA4,Mye
PLAC8,0,5.332693862,0.742,0.176,0,pDC_LILRA4,5.332693862,pDC_LILRA4,Mye
IRF7,0,5.22599061,0.804,0.378,0,pDC_LILRA4,5.22599061,pDC_LILRA4,Mye
IRF8,0,5.174554219,0.766,0.357,0,pDC_LILRA4,5.174554219,pDC_LILRA4,Mye
MZB1,0,5.153913354,0.695,0.007,0,pDC_LILRA4,5.153913354,pDC_LILRA4,Mye
TSPAN13,0,5.128533184,0.761,0.039,0,pDC_LILRA4,5.128533184,pDC_LILRA4,Mye
IRF4,0,5.072320082,0.648,0.063,0,pDC_LILRA4,5.072320082,pDC_LILRA4,Mye
SPIB,0,5.060682812,0.59,0.044,0,pDC_LILRA4,5.060682812,pDC_LILRA4,Mye
IGKC,0,5.013566662,0.785,0.124,0,pDC_LILRA4,5.013566662,pDC_LILRA4,Mye
C12orf75,0,4.995917853,0.725,0.054,0,pDC_LILRA4,4.995917853,pDC_LILRA4,Mye
GPR183,0,4.927488219,0.777,0.44,0,pDC_LILRA4,4.927488219,pDC_LILRA4,Mye
PLD4,0,4.861361264,0.756,0.309,0,pDC_LILRA4,4.861361264,pDC_LILRA4,Mye
SMPD3,0,4.721448008,0.638,0.006,0,pDC_LILRA4,4.721448008,pDC_LILRA4,Mye
TCF4,0,4.683142679,0.8,0.245,0,pDC_LILRA4,4.683142679,pDC_LILRA4,Mye
CXCR3,0,4.653189365,0.571,0.025,0,pDC_LILRA4,4.653189365,pDC_LILRA4,Mye
IGHM,0,4.460246807,0.447,0.023,0,pDC_LILRA4,4.460246807,pDC_LILRA4,Mye
DERL3,0,4.439403838,0.638,0.014,0,pDC_LILRA4,4.439403838,pDC_LILRA4,Mye
ZFAT,0,4.405692636,0.569,0.021,0,pDC_LILRA4,4.405692636,pDC_LILRA4,Mye
IL3RA,0,4.379631492,0.728,0.1,0,pDC_LILRA4,4.379631492,pDC_LILRA4,Mye
POLB,0,4.352318934,0.551,0.123,0,pDC_LILRA4,4.352318934,pDC_LILRA4,Mye
LTB,0,4.341065653,0.628,0.12,0,pDC_LILRA4,4.341065653,pDC_LILRA4,Mye
EGLN3,0,4.326124456,0.388,0.035,0,pDC_LILRA4,4.326124456,pDC_LILRA4,Mye
SELL,0,4.282562842,0.698,0.175,0,pDC_LILRA4,4.282562842,pDC_LILRA4,Mye
LIME1,0,4.18083706,0.517,0.01,0,pDC_LILRA4,4.18083706,pDC_LILRA4,Mye
JCHAIN,0,4.179410584,0.726,0.019,0,pDC_LILRA4,4.179410584,pDC_LILRA4,Mye
IDH3A,0,4.165462573,0.59,0.139,0,pDC_LILRA4,4.165462573,pDC_LILRA4,Mye
CLEC4C,0,4.152875483,0.569,0.004,0,pDC_LILRA4,4.152875483,pDC_LILRA4,Mye
PIM2,0,4.064399824,0.404,0.084,0,pDC_LILRA4,4.064399824,pDC_LILRA4,Mye
NR3C1,2.39e-290,4.050143976,0.645,0.374,4.4e-286,pDC_LILRA4,4.050143976,pDC_LILRA4,Mye
TPM2,0,4.0488852,0.539,0.026,0,pDC_LILRA4,4.0488852,pDC_LILRA4,Mye
SEL1L3,0,4.045772225,0.604,0.085,0,pDC_LILRA4,4.045772225,pDC_LILRA4,Mye
PTPRCAP,0,4.044090849,0.344,0.024,0,pDC_LILRA4,4.044090849,pDC_LILRA4,Mye
PTPRS,0,4.018268654,0.605,0.002,0,pDC_LILRA4,4.018268654,pDC_LILRA4,Mye
UGCG,0,3.974331706,0.757,0.158,0,pDC_LILRA4,3.974331706,pDC_LILRA4,Mye
NUCB2,0,3.867566417,0.557,0.183,0,pDC_LILRA4,3.867566417,pDC_LILRA4,Mye
CCDC50,0,3.861335942,0.756,0.248,0,pDC_LILRA4,3.861335942,pDC_LILRA4,Mye
RASD1,0,3.831744651,0.324,0.033,0,pDC_LILRA4,3.831744651,pDC_LILRA4,Mye
KRT5,0,3.827947319,0.37,0.004,0,pDC_LILRA4,3.827947319,pDC_LILRA4,Mye
SLC20A1,0,3.814649226,0.626,0.208,0,pDC_LILRA4,3.814649226,pDC_LILRA4,Mye
PTCRA,0,3.771162101,0.526,0.012,0,pDC_LILRA4,3.771162101,pDC_LILRA4,Mye
SIDT1,0,3.763966996,0.516,0.027,0,pDC_LILRA4,3.763966996,pDC_LILRA4,Mye
LY9,0,3.737627471,0.295,0.024,0,pDC_LILRA4,3.737627471,pDC_LILRA4,Mye
ALOX5AP,0,3.735772967,0.805,0.489,0,pDC_LILRA4,3.735772967,pDC_LILRA4,Mye
SELPLG,1.5800000000000002e-259,3.727578039,0.606,0.33,2.9e-255,pDC_LILRA4,3.727578039,pDC_LILRA4,Mye
GNL3,0,3.7235811,0.46,0.158,0,pDC_LILRA4,3.7235811,pDC_LILRA4,Mye
PLP2,0,3.651703872,0.767,0.385,0,pDC_LILRA4,3.651703872,pDC_LILRA4,Mye
SLC44A2,0,3.642034551,0.494,0.081,0,pDC_LILRA4,3.642034551,pDC_LILRA4,Mye
BLNK,0,3.619347969,0.599,0.148,0,pDC_LILRA4,3.619347969,pDC_LILRA4,Mye
SLC15A4,0,3.609435071,0.638,0.101,0,pDC_LILRA4,3.609435071,pDC_LILRA4,Mye
LDLRAD4,0,3.592815377,0.574,0.193,0,pDC_LILRA4,3.592815377,pDC_LILRA4,Mye
LAMP5,0,3.542159087,0.531,0.009,0,pDC_LILRA4,3.542159087,pDC_LILRA4,Mye
PPP1R14B,0,3.53923487,0.679,0.116,0,pDC_LILRA4,3.53923487,pDC_LILRA4,Mye
ERN1,0,3.529237297,0.607,0.149,0,pDC_LILRA4,3.529237297,pDC_LILRA4,Mye
SOX4,0,3.507360091,0.562,0.171,0,pDC_LILRA4,3.507360091,pDC_LILRA4,Mye
DNASE1L3,0,3.494685624,0.587,0.039,0,pDC_LILRA4,3.494685624,pDC_LILRA4,Mye
MAP2K6,0,3.450541141,0.304,0.035,0,pDC_LILRA4,3.450541141,pDC_LILRA4,Mye
ST6GALNAC4,0,3.434380926,0.587,0.098,0,pDC_LILRA4,3.434380926,pDC_LILRA4,Mye
RPLP0,0,3.393834887,0.912,0.523,0,pDC_LILRA4,3.393834887,pDC_LILRA4,Mye
APP,0,3.380665677,0.758,0.285,0,pDC_LILRA4,3.380665677,pDC_LILRA4,Mye
CLN8,8.459999999999999e-250,3.378609299,0.488,0.222,1.5600000000000001e-245,pDC_LILRA4,3.378609299,pDC_LILRA4,Mye
GAPT,2.4900000000000002e-281,3.365149083,0.544,0.239,4.59e-277,pDC_LILRA4,3.365149083,pDC_LILRA4,Mye
ZDHHC17,0,3.363648057,0.419,0.073,0,pDC_LILRA4,3.363648057,pDC_LILRA4,Mye
MYBL2,0,3.352557812,0.481,0.003,0,pDC_LILRA4,3.352557812,pDC_LILRA4,Mye
RPS3A,0,3.34319837,0.926,0.547,0,pDC_LILRA4,3.34319837,pDC_LILRA4,Mye
RPL3,0,3.298746964,0.92,0.512,0,pDC_LILRA4,3.298746964,pDC_LILRA4,Mye
MPEG1,0,3.291853738,0.7,0.356,0,pDC_LILRA4,3.291853738,pDC_LILRA4,Mye
TSPYL2,0,3.269791488,0.456,0.155,0,pDC_LILRA4,3.269791488,pDC_LILRA4,Mye
ADAM19,0,3.257564552,0.472,0.09,0,pDC_LILRA4,3.257564552,pDC_LILRA4,Mye
SMIM5,0,3.254458278,0.416,0.002,0,pDC_LILRA4,3.254458278,pDC_LILRA4,Mye
RPL23A,0,3.237199523,0.892,0.506,0,pDC_LILRA4,3.237199523,pDC_LILRA4,Mye
RPS10,1.4499999999999998e-174,3.211302631,0.544,0.269,2.66e-170,pDC_LILRA4,3.211302631,pDC_LILRA4,Mye
RPL17,0,3.204668116,0.757,0.416,0,pDC_LILRA4,3.204668116,pDC_LILRA4,Mye
N4BP2L1,0,3.204509718,0.493,0.183,0,pDC_LILRA4,3.204509718,pDC_LILRA4,Mye
CNP,0,3.148984416,0.479,0.147,0,pDC_LILRA4,3.148984416,pDC_LILRA4,Mye
RPL10A,0,3.128708862,0.89,0.476,0,pDC_LILRA4,3.128708862,pDC_LILRA4,Mye
OGT,0,3.126911646,0.614,0.182,0,pDC_LILRA4,3.126911646,pDC_LILRA4,Mye
IGFLR1,1.37e-242,3.113103924,0.615,0.346,2.5299999999999996e-238,pDC_LILRA4,3.113103924,pDC_LILRA4,Mye
SUSD1,0,3.112184386,0.386,0.072,0,pDC_LILRA4,3.112184386,pDC_LILRA4,Mye
TSPAN3,3.8299999999999996e-214,3.111498391,0.57,0.305,7.06e-210,pDC_LILRA4,3.111498391,pDC_LILRA4,Mye
RPS5,0,3.109323117,0.9,0.497,0,pDC_LILRA4,3.109323117,pDC_LILRA4,Mye
CYFIP2,0,3.108467661,0.526,0.048,0,pDC_LILRA4,3.108467661,pDC_LILRA4,Mye
NPC1,0,3.093035418,0.378,0.114,0,pDC_LILRA4,3.093035418,pDC_LILRA4,Mye
RPS27,0,3.092166463,0.942,0.546,0,pDC_LILRA4,3.092166463,pDC_LILRA4,Mye
RPSA,0,3.091379394,0.879,0.475,0,pDC_LILRA4,3.091379394,pDC_LILRA4,Mye
B4GALT1,7.39e-264,3.089476085,0.605,0.31,1.3600000000000002e-259,pDC_LILRA4,3.089476085,pDC_LILRA4,Mye
TP53I11,0,3.085404594,0.347,0.075,0,pDC_LILRA4,3.085404594,pDC_LILRA4,Mye
OFD1,0,3.065977188,0.578,0.161,0,pDC_LILRA4,3.065977188,pDC_LILRA4,Mye
SLAMF7,0,3.056400767,0.525,0.193,0,pDC_LILRA4,3.056400767,pDC_LILRA4,Mye
DCK,0,3.038913731,0.669,0.259,0,pDC_LILRA4,3.038913731,pDC_LILRA4,Mye
RPS6,0,3.032042099,0.92,0.524,0,pDC_LILRA4,3.032042099,pDC_LILRA4,Mye
RPL9,0,3.015948879,0.902,0.524,0,pDC_LILRA4,3.015948879,pDC_LILRA4,Mye
RPL4,0,3.005725715,0.854,0.457,0,pDC_LILRA4,3.005725715,pDC_LILRA4,Mye
